customer_id,customer_name,email,registration_date,customer_type
CUST00001,Allison Hill,donaldgarcia@example.net,2025-10-16,REGULAR
CUST00002,Angie Henderson,davisjesse@example.net,2024-10-08,REGULAR
CUST00003,Cristian Santos,lrobinson@example.com,2026-01-24,REGULAR
CUST00004,Abigail Shaffer,jpeterson@example.org,2026-07-02,REGULAR
CUST00005,Gabrielle Davis,howardmaurice@example.com,2025-03-08,REGULAR
CUST00006,Monica Herrera,smiller@example.net,2024-08-11,REGULAR
CUST00007,Shannon Ray,williamsjeremy@example.com,2024-01-28,REGULAR
CUST00008,Dr. Sharon James,xreid@example.org,2025-10-27,REGULAR
CUST00009,Daniel Adams,lynchgeorge@example.net,2025-04-04,REGULAR
CUST00010,Joel Nelson,gabriellecameron@example.org,2026-06-09,PREMIUM
CUST00011,Andrew Stewart,carl95@example.org,2024-06-12,REGULAR
CUST00012,Jennifer Rocha,ithomas@example.org,2024-06-08,VIP
CUST00013,Kimberly Burgess,zhurst@example.com,2024-12-10,REGULAR
CUST00014,Zachary Hicks,camposmichelle@example.org,2024-04-09,PREMIUM
CUST00015,Rebecca Henderson,cruzcaitlin@example.com,2025-09-10,PREMIUM
CUST00016,Tricia Valencia,frazierdanny@example.net,2026-01-17,REGULAR
CUST00017,Patricia Peterson,ryan70@example.net,2025-01-22,REGULAR
CUST00018,Deborah Mason,williamrodriguez@example.net,2026-04-29,REGULAR
CUST00019,Mark Lynch,nathanielmartin@example.net,2026-06-01,REGULAR
CUST00020,Linda Burns,hickmannatasha@example.com,2025-12-22,REGULAR
CUST00021,David Bradley,millertodd@example.org,2024-08-21,VIP
CUST00022,Kim Martinez,karroyo@example.com,2026-05-25,PREMIUM
CUST00023,Lisa Brandt,jenniferross@example.net,2025-01-24,REGULAR
CUST00024,Jessica Holmes,wrightcaleb@example.org,2026-05-04,REGULAR
CUST00025,Crystal Robinson,zimmermanbrian@example.org,2024-12-29,REGULAR
CUST00026,Shannon Jones,joshuawashington@example.net,2025-12-19,REGULAR
CUST00027,Timothy Duncan,esanchez@example.com,2025-10-12,REGULAR
CUST00028,Brent Jordan,ujenkins@example.org,2024-09-07,REGULAR
CUST00029,Victoria Garcia,zchandler@example.org,2024-10-03,REGULAR
CUST00030,Connor West,dwhite@example.org,2024-08-12,PREMIUM
CUST00031,Angela Morton,williamsyvette@example.org,2026-03-05,REGULAR
CUST00032,Tammy Allison,richardolson@example.com,2024-02-02,REGULAR
CUST00033,Carmen Smith,ybaker@example.com,2024-03-08,PREMIUM
CUST00034,Michael Cross,smoore@example.org,2025-08-03,REGULAR
CUST00035,Lauren Daniels,brian97@example.net,2025-05-26,PREMIUM
CUST00036,Kim Brown,yorkcasey@example.org,2025-10-20,REGULAR
CUST00037,Cynthia Wilson,bethwilliams@example.org,2024-05-22,PREMIUM
CUST00038,Kevin Mills,customer.email.com,2025-07-05,PREMIUM
CUST00039,Michael Evans,sarah10@example.com,2025-03-14,REGULAR
CUST00040,Kristine Garcia,williamanderson@example.com,2024-08-12,REGULAR
CUST00041,Sherry Wood,samueldaniels@example.com,2024-04-03,PREMIUM
CUST00042,Victoria Valdez,contrerasangela@example.net,2024-06-05,REGULAR
CUST00043,Shawn Baker,newtoneric@example.com,2025-11-27,REGULAR
CUST00044,Michelle Harris,william40@example.org,2025-01-29,REGULAR
CUST00045,Sandra Williams,kellie42@example.net,2025-04-24,REGULAR
CUST00046,Michael Hoffman,jonesnicole@example.org,2025-07-20,REGULAR
CUST00047,Sandra Aguilar,russellwilliams@example.com,2024-04-27,PREMIUM
CUST00048,Rebecca Valencia,jason31@example.com,2026-02-26,REGULAR
CUST00049,Stacey Russell,sarayoung@example.org,2024-10-27,REGULAR
CUST00050,Rita Keith,whitesandra@example.com,2024-01-04,VIP
CUST00051,Sharon Cochran,erik16@example.org,2026-02-19,REGULAR
CUST00052,Courtney Velasquez,ybailey@example.org,2024-04-18,REGULAR
CUST00053,Matthew Ross,michelle45@example.net,2025-10-16,REGULAR
CUST00054,Meghan Anthony,sheila14@example.org,2024-06-05,PREMIUM
CUST00055,Victoria Johnson,yreed@example.com,2025-07-06,PREMIUM
CUST00056,William Wilson,jonathanfletcher@example.org,2025-09-05,REGULAR
CUST00057,Renee Mcdaniel,michaeljones@example.net,2024-04-24,PREMIUM
CUST00058,Lisa Alvarado,cortezkevin@example.com,2026-05-01,REGULAR
CUST00059,Erika Terry,jamesortega@example.com,2024-09-03,PREMIUM
CUST00060,Stephanie Gilbert,richard04@example.com,2024-03-28,PREMIUM
CUST00061,Richard Lawson,steven73@example.net,2026-02-17,PREMIUM
CUST00062,Steven Flynn,donnacampbell@example.net,2024-05-11,PREMIUM
CUST00063,Frances Cardenas,emilywalker@example.org,2024-06-18,REGULAR
CUST00064,Angel Riggs,gibsonolivia@example.net,2025-09-13,VIP
CUST00065,Michael Snyder,dylanwatts@example.org,2025-07-06,PREMIUM
CUST00066,Colleen Brock,pwilliams@example.org,2025-02-12,REGULAR
CUST00067,Robert Contreras,stephanie79@example.net,2026-07-10,REGULAR
CUST00068,Jessica Meadows,vmerritt@example.com,2024-09-10,REGULAR
CUST00069,Paul Larsen,katie87@example.net,2024-01-22,REGULAR
CUST00070,Jeremiah Reeves,josephflores@example.net,2025-08-25,REGULAR
CUST00071,Chris Reyes,jasminebrown@example.com,2025-12-25,REGULAR
CUST00072,John Brown,xprice@example.net,2024-03-10,PREMIUM
CUST00073,Alicia Gilmore,wwoods@example.com,2024-03-13,REGULAR
CUST00074,Sarah Ashley,vmedina@example.net,2025-11-16,REGULAR
CUST00075,Stephanie Freeman,ryan06@example.com,2024-05-15,REGULAR
CUST00076,Rebecca Ramsey,ncalhoun@example.net,2024-09-05,PREMIUM
CUST00077,James Elliott,millerroy@example.com,2024-07-13,REGULAR
CUST00078,David Murphy,wmurphy@example.com,2025-03-17,REGULAR
CUST00079,Trevor Fisher,ruizkaitlyn@example.org,2025-04-23,REGULAR
CUST00080,Mrs. Marie Harrington DDS,herringjames@example.org,2025-10-23,REGULAR
CUST00081,Cynthia Wells,elliottjeffery@example.net,2026-01-15,PREMIUM
CUST00082,Jacob Obrien,stricklandfrank@example.com,2024-04-21,REGULAR
CUST00083,Alexander Collins,tsanders@example.org,2025-07-03,REGULAR
CUST00084,Michael Burton,terrykevin@example.net,2024-07-06,REGULAR
CUST00085,Barbara Riggs,reedross@example.com,2026-06-14,REGULAR
CUST00086,Matthew Smith,gshort@example.com,2026-06-01,REGULAR
CUST00087,Madison Poole,ryangross@example.net,2025-10-29,PREMIUM
CUST00088,Robert Medina,customer.email.com,2024-04-05,REGULAR
CUST00089,Samuel Rivas,ramirezshannon@example.com,2025-05-12,REGULAR
CUST00090,Mary Rogers,lrosales@example.com,2025-02-14,REGULAR
CUST00091,Robert Peterson,angela83@example.org,2024-01-03,REGULAR
CUST00092,Jason Peters,hannahbrewer@example.com,2026-03-13,REGULAR
CUST00093,Alan Phillips,tholt@example.net,2025-12-14,REGULAR
CUST00094,Kara Schmidt,jbarajas@example.com,2025-05-13,REGULAR
CUST00095,Jesse Parker,davidlee@example.org,2024-08-10,REGULAR
CUST00096,Tiffany Vaughn,javierwashington@example.net,2025-07-09,PREMIUM
CUST00097,Paige Carlson,wallkenneth@example.com,2024-02-28,REGULAR
CUST00098,Adrian Ferguson,brandon08@example.com,2025-05-29,REGULAR
CUST00099,Beth Oneill,agarcia@example.net,2025-06-04,PREMIUM
CUST00100,John Peterson,kingmichelle@example.org,2024-03-11,REGULAR
CUST00101,Jennifer Jones,hernandezlisa@example.com,2026-06-01,REGULAR
CUST00102,David Grant,yobrien@example.net,2026-06-30,REGULAR
CUST00103,Joseph Hayes,levans@example.com,2025-08-31,REGULAR
CUST00104,Marc Lynch,mezajared@example.org,2025-03-05,REGULAR
CUST00105,Brad Allen,moorericky@example.net,2025-06-19,PREMIUM
CUST00106,Doris Hall,jacqueline71@example.net,2024-07-28,REGULAR
CUST00107,Dennis Moody,ronaldstephens@example.net,2025-02-09,REGULAR
CUST00108,Derek Thomas,martinkyle@example.net,2024-11-03,REGULAR
CUST00109,Tammy Gonzales,sbarker@example.com,2026-02-08,REGULAR
CUST00110,Kathryn Snyder,georgepamela@example.net,2025-09-28,VIP
CUST00111,David Davis,keyemily@example.com,2024-03-16,REGULAR
CUST00112,Pamela Thompson,customer.email.com,2024-09-28,PREMIUM
CUST00113,Robert Costa,vbailey@example.com,2026-06-21,PREMIUM
CUST00114,Shannon Rivera,zroberts@example.net,2025-01-13,REGULAR
CUST00115,Brandon King,cordovarichard@example.net,2026-05-03,PREMIUM
CUST00116,April Booth,mgutierrez@example.net,2025-09-18,REGULAR
CUST00117,Peter Garrett,harrisandrea@example.com,2025-11-14,REGULAR
CUST00118,Michael Martinez,jennifercollins@example.org,2025-11-10,PREMIUM
CUST00119,Anna Gay,murraydavid@example.org,2024-05-17,REGULAR
CUST00120,Dr. Jordan Hill PhD,jsanchez@example.org,2024-04-19,REGULAR
CUST00121,Thomas Romero,michellehill@example.com,2024-10-15,REGULAR
CUST00122,Richard Adams,campbellkenneth@example.net,2024-12-17,REGULAR
CUST00123,Mary Grimes,wryan@example.com,2026-05-23,REGULAR
CUST00124,Kimberly Gibson,molly39@example.com,2024-09-14,REGULAR
CUST00125,Reginald Williams,zthornton@example.com,2025-03-09,REGULAR
CUST00126,Matthew Hoover,tylerjohnson@example.net,2024-12-07,REGULAR
CUST00127,Evelyn Garcia,dgarcia@example.org,2024-09-25,PREMIUM
CUST00128,Jennifer Pena,charlesharrington@example.com,2025-07-18,REGULAR
CUST00129,Michael Santos,melissa86@example.com,2024-04-24,PREMIUM
CUST00130,Stacy Freeman,williamsonjimmy@example.net,2025-12-08,REGULAR
CUST00131,Yolanda Francis,wgood@example.net,2026-05-04,REGULAR
CUST00132,Ashlee Jackson,rebecca05@example.org,2024-05-31,REGULAR
CUST00133,James Thomas,yknight@example.org,2024-11-11,PREMIUM
CUST00134,Bob Pitts,tyleraguilar@example.org,2026-03-26,PREMIUM
CUST00135,David Scott,nolansteven@example.com,2024-08-03,REGULAR
CUST00136,Brooke Alexander,vanessa46@example.net,2024-12-28,PREMIUM
CUST00137,Ryan Gonzalez,gcastaneda@example.org,2025-02-20,PREMIUM
CUST00138,Ian Phillips,andrew64@example.org,2024-08-30,VIP
CUST00139,Melissa Garner,lozanojulie@example.com,2026-04-10,PREMIUM
CUST00140,Crystal Pham,danaoliver@example.net,2024-01-26,PREMIUM
CUST00141,Patricia Becker,courtneyberger@example.net,2024-12-06,PREMIUM
CUST00142,Richard Johnson,jessica14@example.com,2026-06-03,REGULAR
CUST00143,Casey Anderson,alyssa42@example.com,2026-03-17,REGULAR
CUST00144,Terry Coffey,julie51@example.com,2024-02-09,REGULAR
CUST00145,Brenda Levy,zcoffey@example.net,2026-04-16,REGULAR
CUST00146,Richard Smith,gibsonemily@example.net,2026-04-20,REGULAR
CUST00147,James Little,daniel37@example.org,2025-11-06,REGULAR
CUST00148,Terri Murphy,deborahreid@example.com,2024-10-12,VIP
CUST00149,Elizabeth Ortiz,brandonjohnson@example.com,2024-10-12,REGULAR
CUST00150,David Medina,qchavez@example.net,2025-02-13,REGULAR
CUST00151,Kimberly Matthews,nicolepena@example.com,2024-01-29,PREMIUM
CUST00152,Teresa Ramirez,jeff73@example.com,2024-09-24,REGULAR
CUST00153,Michael Stephens,bruce43@example.org,2024-09-28,REGULAR
CUST00154,Samantha Davis,darleneharper@example.org,2025-03-20,PREMIUM
CUST00155,Gavin Zhang,caseyhubbard@example.org,2024-11-17,REGULAR
CUST00156,Robin Hall,kristinacarlson@example.com,2025-06-07,REGULAR
CUST00157,Brianna Anderson,lauren10@example.org,2025-08-13,REGULAR
CUST00158,Richard Young,alfred40@example.org,2025-12-26,REGULAR
CUST00159,Kelly Reese,xwest@example.net,2026-04-05,REGULAR
CUST00160,Jodi Walker,acostaregina@example.net,2026-01-29,REGULAR
CUST00161,Judith Maynard,lutzmelanie@example.com,2024-03-12,REGULAR
CUST00162,Katherine Browning,lammarc@example.org,2025-11-10,PREMIUM
CUST00163,Donald Schultz,oscar98@example.com,2024-11-03,REGULAR
CUST00164,Larry Garcia,farrelldebra@example.net,2025-02-22,REGULAR
CUST00165,Cindy Hayes,robertwilcox@example.com,2024-10-29,REGULAR
CUST00166,Brandon Simmons,nicholas27@example.org,2025-03-06,REGULAR
CUST00167,Bradley Reynolds,lisa80@example.net,2026-07-13,REGULAR
CUST00168,Kristina Santiago,qgomez@example.com,2024-11-04,REGULAR
CUST00169,Michelle Schmitt,michael98@example.org,2024-01-01,REGULAR
CUST00170,John Boone,megan51@example.com,2025-03-16,REGULAR
CUST00171,Renee Bruce,lynchdiane@example.net,2024-11-25,REGULAR
CUST00172,Christopher Park,sandra50@example.org,2025-11-22,REGULAR
CUST00173,Kylie Morales,joycebonilla@example.org,2026-03-23,REGULAR
CUST00174,Cindy Barnes,eric45@example.net,2024-10-17,REGULAR
CUST00175,Sophia Moore,craigjoseph@example.net,2025-09-26,REGULAR
CUST00176,Lawrence Perry,kariwilson@example.com,2026-02-08,REGULAR
CUST00177,Michael Watkins,brandon69@example.org,2024-08-18,REGULAR
CUST00178,Eric Clark,kathrynroberts@example.org,2024-02-17,VIP
CUST00179,Paul Thompson,opatel@example.net,2025-09-17,REGULAR
CUST00180,Mary Gomez,chensley@example.com,2026-06-26,REGULAR
CUST00181,Thomas Atkins,tberry@example.net,2026-01-05,REGULAR
CUST00182,Brian Smith,george97@example.net,2024-09-06,REGULAR
CUST00183,Anita Richard,ryanmorales@example.org,2024-01-06,PREMIUM
CUST00184,Eric Morgan,kimberly18@example.net,2024-08-12,PREMIUM
CUST00185,Jordan Bullock,michael23@example.org,2025-12-13,REGULAR
CUST00186,Craig Morrison,thompsonkendra@example.com,2025-07-24,PREMIUM
CUST00187,Justin Riley,michelle52@example.com,2024-05-04,REGULAR
CUST00188,Jeremy Turner,brittany58@example.org,2025-04-20,VIP
CUST00189,Jesse Brown,chase19@example.net,2025-09-01,VIP
CUST00190,Julie Spencer,colelisa@example.net,2026-07-01,REGULAR
CUST00191,Larry Mason,hayeslisa@example.com,2026-01-06,REGULAR
CUST00192,Mrs. Maria Williams,hritter@example.net,2026-07-17,REGULAR
CUST00193,Helen Hardin,vortiz@example.net,2024-06-11,REGULAR
CUST00194,Rachel Holland,riveraangela@example.com,2026-02-08,PREMIUM
CUST00195,Nathaniel Douglas,mathewaguilar@example.org,2024-10-10,REGULAR
CUST00196,Emily Douglas,tanderson@example.org,2024-09-01,REGULAR
CUST00197,James Conner,elizabethcalderon@example.net,2025-12-31,REGULAR
CUST00198,Susan Davis DDS,andrew42@example.org,2024-12-09,PREMIUM
CUST00199,Ralph Lee,ericphillips@example.org,2024-03-23,REGULAR
CUST00200,Kimberly Rodgers,stanleynancy@example.net,2025-01-27,PREMIUM
CUST00201,James Martin,jenniferwilliams@example.com,2024-03-06,REGULAR
CUST00202,Cynthia Wallace,karen73@example.net,2025-07-09,REGULAR
CUST00203,Vincent Mueller,michealvalentine@example.com,2024-07-30,REGULAR
CUST00204,Douglas Reyes,mburch@example.net,2026-02-27,PREMIUM
CUST00205,David Davidson,angela18@example.org,2024-01-21,REGULAR
CUST00206,Phillip Nelson,mariahdavis@example.org,2024-01-07,REGULAR
CUST00207,Stacey Arias,gbrown@example.com,2025-02-03,REGULAR
CUST00208,Zachary Brooks,florescory@example.net,2026-01-22,PREMIUM
CUST00209,Raven Taylor,samantha72@example.net,2026-07-08,REGULAR
CUST00210,Luis Bullock,scottmary@example.net,2024-10-06,REGULAR
CUST00211,Lisa Henderson,john10@example.org,2025-02-02,REGULAR
CUST00212,Riley Bryant,copelandvincent@example.net,2026-03-28,PREMIUM
CUST00213,Jose Allen,kellysmith@example.com,2026-05-10,PREMIUM
CUST00214,Jason Beck,millsmichael@example.net,2025-09-29,REGULAR
CUST00215,Rachel Romero,myerstheodore@example.net,2025-02-07,REGULAR
CUST00216,James Burgess,kristina53@example.net,2024-01-28,REGULAR
CUST00217,Ashley Perkins,dennis58@example.com,2024-05-18,REGULAR
CUST00218,Carrie Maxwell,epollard@example.net,2024-09-23,REGULAR
CUST00219,Chad Baldwin,mjohnson@example.org,2025-04-10,REGULAR
CUST00220,Stacey Stewart,zachary87@example.com,2026-06-19,REGULAR
CUST00221,Matthew Mitchell,glennmartin@example.org,2026-05-01,REGULAR
CUST00222,Jessica Ross,ykline@example.com,2024-03-24,REGULAR
CUST00223,Kathleen Jimenez,laurie61@example.com,2025-07-06,VIP
CUST00224,Samantha Gardner,curtis54@example.com,2024-12-24,REGULAR
CUST00225,Mitchell Jackson,cbell@example.net,2026-03-10,REGULAR
CUST00226,Heather Bolton,danielle01@example.net,2024-02-01,REGULAR
CUST00227,Heidi Owen,stephaniethomas@example.net,2024-01-21,REGULAR
CUST00228,Jessica Martinez,kimberlydiaz@example.com,2024-05-09,REGULAR
CUST00229,Amanda Hernandez,xrush@example.com,2025-07-31,REGULAR
CUST00230,Laura Moreno,redwards@example.org,2024-09-19,REGULAR
CUST00231,Allison Lopez,hmcintyre@example.com,2025-09-13,PREMIUM
CUST00232,Michele Lewis,heather73@example.org,2024-06-16,REGULAR
CUST00233,Benjamin Thompson,zosborn@example.net,2024-01-27,REGULAR
CUST00234,Victoria Contreras,piercekelly@example.com,2026-07-18,REGULAR
CUST00235,Michelle Ho,laurahicks@example.org,2026-01-02,REGULAR
CUST00236,Dr. Cynthia Snyder,angela57@example.net,2025-12-08,REGULAR
CUST00237,Stephen Jones,ukey@example.com,2025-12-14,PREMIUM
CUST00238,Patricia Morrow,martinezlogan@example.org,2025-09-06,PREMIUM
CUST00239,Michael Cooper,katrinaanderson@example.net,2025-08-02,REGULAR
CUST00240,Amy Martinez,kevinmartin@example.net,2025-03-14,REGULAR
CUST00241,Travis Stone,meghan43@example.net,2025-10-25,REGULAR
CUST00242,Denise Weber,shawgary@example.net,2025-03-06,REGULAR
CUST00243,Matthew Le,megan90@example.org,2025-01-05,PREMIUM
CUST00244,Travis Wise,debra96@example.net,2025-04-15,REGULAR
CUST00245,Kathleen Burton,dawn47@example.org,2026-01-21,VIP
CUST00246,Melinda Evans,barkereric@example.com,2024-10-03,PREMIUM
CUST00247,Mr. Lawrence Edwards,jessica56@example.org,2025-07-05,REGULAR
CUST00248,Kayla Rodriguez,stevenadams@example.org,2026-04-25,REGULAR
CUST00249,Anthony Dougherty,kwright@example.com,2026-05-22,PREMIUM
CUST00250,Michelle Lee,tyronerobertson@example.com,2024-03-29,PREMIUM
CUST00251,Kathleen Davis,pwagner@example.org,2024-09-06,REGULAR
CUST00252,Amber Campbell,amitchell@example.org,2025-11-15,REGULAR
CUST00253,Stephen Luna,zdiaz@example.org,2025-05-21,REGULAR
CUST00254,Chloe Tran,hughesshannon@example.net,2024-08-05,PREMIUM
CUST00255,William Becker,user@,2024-12-14,PREMIUM
CUST00256,Gina Mcmillan,jameshicks@example.net,2025-12-19,REGULAR
CUST00257,Andrew Reeves,jstone@example.net,2025-06-13,REGULAR
CUST00258,Brenda Velazquez,francisco94@example.net,2026-01-07,REGULAR
CUST00259,Ronald Patel,thomas05@example.com,2026-02-15,REGULAR
CUST00260,Veronica Silva,carlsonjoseph@example.net,2025-10-23,REGULAR
CUST00261,Paula Lane,silvageorge@example.net,2024-01-18,REGULAR
CUST00262,Patricia James,anthonyvaughan@example.org,2025-02-18,REGULAR
CUST00263,Jeremy Barnes,avaughn@example.net,2025-08-18,REGULAR
CUST00264,Tami Salas,thorntonapril@example.net,2025-06-27,REGULAR
CUST00265,Matthew Fox,sue78@example.com,2026-02-02,REGULAR
CUST00266,Megan Dillon,chelsea33@example.com,2025-12-20,REGULAR
CUST00267,Courtney Dudley,kellie37@example.com,2024-09-14,REGULAR
CUST00268,Justin Michael,keith98@example.com,2024-07-16,REGULAR
CUST00269,Jennifer Reed,kellyroberts@example.net,2025-07-02,REGULAR
CUST00270,Thomas Douglas,ilewis@example.com,2026-01-26,REGULAR
CUST00271,Melissa Taylor,johnsantiago@example.net,2025-08-26,REGULAR
CUST00272,David Garcia,jennifer12@example.org,2024-04-12,REGULAR
CUST00273,Vanessa Moore,mwoods@example.com,2025-01-04,REGULAR
CUST00274,Matthew Velez,pearsonjesse@example.net,2025-12-26,REGULAR
CUST00275,Taylor Gentry,robertmonroe@example.org,2024-02-16,REGULAR
CUST00276,Jennifer Simpson DVM,nancy04@example.net,2025-12-15,REGULAR
CUST00277,Tanya Rogers,ihays@example.net,2026-02-09,REGULAR
CUST00278,Todd Rosales MD,lisarivera@example.net,2024-01-13,REGULAR
CUST00279,David Lopez,krystal93@example.org,2025-05-05,REGULAR
CUST00280,Margaret Sullivan,frobertson@example.com,2024-02-22,PREMIUM
CUST00281,Cathy Taylor,shari04@example.com,2025-05-04,PREMIUM
CUST00282,Paul Finley,brandi90@example.com,2025-02-14,REGULAR
CUST00283,Melissa Brown,marshallerik@example.net,2025-10-06,REGULAR
CUST00284,Stephanie Padilla,hannah45@example.net,2026-04-10,PREMIUM
CUST00285,Tyler Mendoza,madkins@example.com,2024-03-28,REGULAR
CUST00286,Joshua Ruiz,kathleenbecker@example.net,2026-02-21,REGULAR
CUST00287,Angela Griffin,christian91@example.org,2026-03-20,REGULAR
CUST00288,Stephanie Harris,franklinbond@example.com,2025-06-19,REGULAR
CUST00289,Daniel Aguilar,nolansean@example.org,2025-03-29,PREMIUM
CUST00290,Jose Bryant,hansenemily@example.com,2025-03-15,REGULAR
CUST00291,Jennifer Velasquez,bethwilliams@example.com,2024-03-02,VIP
CUST00292,Kimberly Brown,andersenthomas@example.com,2024-04-11,REGULAR
CUST00293,Randy Cannon,ybrooks@example.com,2024-09-27,REGULAR
CUST00294,Susan Bennett,desireebailey@example.org,2024-06-26,REGULAR
CUST00295,Jenna Anderson DVM,avilatiffany@example.com,2024-01-03,REGULAR
CUST00296,Kimberly Patel,johnreed@example.com,2025-08-31,REGULAR
CUST00297,Shaun Cannon,pachecorobert@example.org,2024-08-25,PREMIUM
CUST00298,Austin Wheeler,tharper@example.org,2025-12-20,REGULAR
CUST00299,Andrew Gonzales,karenparsons@example.org,2024-08-27,PREMIUM
CUST00300,Donna Cabrera,barbara53@example.com,2025-10-02,REGULAR
CUST00301,Victoria Boyd,dturner@example.net,2024-07-21,REGULAR
CUST00302,Sheryl Buck,dpeters@example.com,2024-08-18,REGULAR
CUST00303,Megan Floyd,heather62@example.com,2024-09-29,REGULAR
CUST00304,Paul Wells,kevinzimmerman@example.com,2024-06-18,REGULAR
CUST00305,Kristina Faulkner,paulscott@example.com,2026-04-24,PREMIUM
CUST00306,Tammy Boone,nicholsmaria@example.org,2025-03-25,REGULAR
CUST00307,Michael Morrison,lopezkathleen@example.net,2024-11-07,PREMIUM
CUST00308,Claire Clark,kevin03@example.org,2025-05-27,REGULAR
CUST00309,Autumn Key,srocha@example.net,2024-03-23,REGULAR
CUST00310,Jennifer Allen,kimberly67@example.net,2025-03-18,REGULAR
CUST00311,Elizabeth Ward,zowens@example.net,2024-01-27,REGULAR
CUST00312,Ryan Rocha,lawrence09@example.org,2025-11-21,REGULAR
CUST00313,Alexis Tran,mphillips@example.com,2024-01-22,REGULAR
CUST00314,Kelly Sanchez,jonathan77@example.com,2026-02-20,REGULAR
CUST00315,Robert Jackson,iwhite@example.net,2025-10-29,PREMIUM
CUST00316,Kelly Combs,landryelizabeth@example.org,2024-07-04,REGULAR
CUST00317,Ryan Hall,albertwagner@example.com,2026-04-13,VIP
CUST00318,Mark Peck,bhopkins@example.org,2025-04-26,REGULAR
CUST00319,Jennifer Smith,amanda40@example.net,2024-11-24,PREMIUM
CUST00320,Megan Drake,danieldavis@example.org,2024-12-03,REGULAR
CUST00321,Manuel King,joseph61@example.com,2024-10-22,PREMIUM
CUST00322,Judy Sanchez,kevinclayton@example.org,2025-07-17,REGULAR
CUST00323,Shannon Malone,sullivannicholas@example.com,2024-11-18,REGULAR
CUST00324,Adam Jackson,pbruce@example.com,2026-03-02,PREMIUM
CUST00325,Shannon Davis,hallrachel@example.net,2026-04-24,REGULAR
CUST00326,Karen Williams,cohenjuan@example.net,2025-07-09,REGULAR
CUST00327,Amanda Mcfarland,alexis39@example.org,2024-07-11,REGULAR
CUST00328,Michelle Sanders,evansanne@example.net,2026-02-13,REGULAR
CUST00329,Jasmine Mosley,patrick21@example.net,2026-02-17,REGULAR
CUST00330,Haley Davis,marypeterson@example.net,2025-07-16,PREMIUM
CUST00331,Jennifer Ayala,walterskristen@example.com,2025-03-24,REGULAR
CUST00332,Henry Pugh MD,nmiller@example.com,2025-10-07,PREMIUM
CUST00333,Michelle Miller,normanbowers@example.org,2025-12-27,REGULAR
CUST00334,Emily Rodriguez,hahnsean@example.com,2024-01-15,REGULAR
CUST00335,Brandon Jordan,fgarcia@example.com,2024-08-18,REGULAR
CUST00336,Linda Mueller,asmith@example.com,2024-04-30,PREMIUM
CUST00337,Misty Hansen,ashleyjackson@example.com,2025-05-25,REGULAR
CUST00338,Derrick Adams,bryanhamilton@example.com,2024-10-06,PREMIUM
CUST00339,Richard Ward,jennifersimpson@example.net,2025-04-28,REGULAR
CUST00340,Brian Torres,ncook@example.com,2024-05-28,REGULAR
CUST00341,Erin Cook,kevinmorrison@example.net,2025-09-05,PREMIUM
CUST00342,Ernest Oconnell,kelly79@example.org,2024-05-19,REGULAR
CUST00343,Douglas Hartman,daniel93@example.net,2026-03-19,REGULAR
CUST00344,Catherine Saunders MD,nhahn@example.com,2026-03-17,REGULAR
CUST00345,Sandra Jones,ichambers@example.net,2024-01-03,PREMIUM
CUST00346,David Moore,emccormick@example.com,2026-05-07,REGULAR
CUST00347,Karen Morales DDS,ystephens@example.com,2025-11-06,PREMIUM
CUST00348,Robin Wheeler,rodriguezjohn@example.net,2025-04-02,REGULAR
CUST00349,Matthew Williams,vrasmussen@example.com,2024-12-06,PREMIUM
CUST00350,Brett Walker,seanmyers@example.net,2025-01-21,PREMIUM
CUST00351,Kathryn Cooper,webbkenneth@example.org,2026-06-09,VIP
CUST00352,Todd Thomas,matthew38@example.com,2024-09-01,REGULAR
CUST00353,Brent Bowen,tflores@example.org,2026-05-26,REGULAR
CUST00354,Ashley Sweeney,byrdfrank@example.net,2026-02-01,PREMIUM
CUST00355,Christopher Moore,omullen@example.com,2026-04-10,REGULAR
CUST00356,Charlotte Sandoval,njohnson@example.org,2025-11-10,VIP
CUST00357,Jeffrey Smith,jamiegoodwin@example.org,2025-05-22,REGULAR
CUST00358,Rebecca Herrera,mark71@example.com,2025-08-27,PREMIUM
CUST00359,Katherine Church,candice96@example.net,2026-06-14,REGULAR
CUST00360,Harold Ellis,lisamccarthy@example.com,2026-07-21,REGULAR
CUST00361,Leslie Powers,david41@example.org,2024-05-27,PREMIUM
CUST00362,Charles Price,baileyhenderson@example.com,2024-06-07,REGULAR
CUST00363,Melissa Brewer,angelaburns@example.org,2024-09-28,REGULAR
CUST00364,Ryan Harvey,stephanie72@example.org,2025-02-11,REGULAR
CUST00365,Tracey Wagner,fortiz@example.com,2024-12-02,REGULAR
CUST00366,Jill Jackson,flynnjeffrey@example.org,2024-11-20,PREMIUM
CUST00367,Joshua Jackson,xcunningham@example.com,2026-02-16,PREMIUM
CUST00368,Ashley Wilson,amber07@example.net,2024-02-06,REGULAR
CUST00369,Jeffery Fitzgerald,not-an-email,2025-10-08,VIP
CUST00370,Scott Miller,rowejoel@example.net,2026-02-03,REGULAR
CUST00371,Heather Page,imartin@example.org,2024-04-10,PREMIUM
CUST00372,Renee Hudson,candice25@example.net,2024-04-12,REGULAR
CUST00373,Kenneth Farley,taylorkaren@example.com,2024-11-02,REGULAR
CUST00374,Wendy Camacho,jacquelineanderson@example.org,2026-03-26,REGULAR
CUST00375,Sandra Juarez,kburns@example.net,2025-01-18,REGULAR
CUST00376,Jason Hayes,powellkara@example.net,2025-06-27,REGULAR
CUST00377,Jackie Clements,brandi17@example.net,2026-03-22,REGULAR
CUST00378,Heather Brown,brobinson@example.org,2024-03-21,PREMIUM
CUST00379,Frank Campbell MD,ashleewashington@example.com,2025-09-26,REGULAR
CUST00380,Pamela Williams,ksmith@example.com,2025-08-20,REGULAR
CUST00381,William Patterson,nicoleturner@example.com,2025-10-15,REGULAR
CUST00382,Isaac Miller,brettgarrett@example.net,2025-11-13,PREMIUM
CUST00383,Cynthia Rios,smiththomas@example.org,2025-04-21,REGULAR
CUST00384,Kelly Wallace,dominguezlisa@example.com,2024-06-10,REGULAR
CUST00385,Karen Perez,crosscurtis@example.com,2024-12-19,REGULAR
CUST00386,Edwin Reyes,darlenebyrd@example.org,2025-03-10,REGULAR
CUST00387,Alejandra Santos,nbell@example.net,2024-11-05,VIP
CUST00388,Tamara Jensen,fheath@example.org,2026-05-23,REGULAR
CUST00389,Bryce Blair,sylvia52@example.org,2025-01-25,REGULAR
CUST00390,Bradley Tran,kimberly04@example.org,2024-10-29,REGULAR
CUST00391,Katrina Adkins,debbie37@example.com,2026-04-29,REGULAR
CUST00392,Jonathan Wheeler,hatfieldsarah@example.org,2024-01-09,PREMIUM
CUST00393,Ryan Fisher,kathrynbest@example.org,2026-03-07,PREMIUM
CUST00394,Austin Baker,livingstonstacy@example.com,2026-02-02,PREMIUM
CUST00395,Lori Mason,zhenderson@example.org,2026-07-13,PREMIUM
CUST00396,Kimberly Hernandez,collinswilliam@example.org,2024-08-23,PREMIUM
CUST00397,Brittney Murphy,collinssamuel@example.org,2024-08-12,REGULAR
CUST00398,Brandon Hamilton,dsalazar@example.com,2024-09-13,REGULAR
CUST00399,Mary Thompson,zimmermanjacqueline@example.org,2026-07-14,REGULAR
CUST00400,Gregory Holmes PhD,gary24@example.net,2024-11-12,REGULAR
CUST00401,Patricia Johnson,enelson@example.com,2025-01-08,REGULAR
CUST00402,Laura Jones,ddixon@example.com,2024-10-29,PREMIUM
CUST00403,Carol Moore,shannonemily@example.org,2024-06-28,REGULAR
CUST00404,Jordan Williams,sanchezthomas@example.com,2025-07-06,REGULAR
CUST00405,Cassidy Horne,tranrobin@example.net,2026-07-24,PREMIUM
CUST00406,Courtney Wright,joseph19@example.com,2024-09-20,VIP
CUST00407,Michael Williams,lindajarvis@example.com,2024-10-29,PREMIUM
CUST00408,John Campbell,mark87@example.org,2025-04-24,REGULAR
CUST00409,Eddie Mueller,stevenvargas@example.com,2024-08-19,VIP
CUST00410,Dr. Morgan Payne PhD,adamortiz@example.org,2026-04-03,REGULAR
CUST00411,Makayla Steele,tapiaaaron@example.net,2026-03-20,REGULAR
CUST00412,Oscar Parker,alyssaallen@example.com,2025-07-03,REGULAR
CUST00413,Valerie Thomas,christopher38@example.com,2025-11-19,REGULAR
CUST00414,Jacqueline Villegas,carpenterwilliam@example.net,2026-04-22,PREMIUM
CUST00415,Angela Bradley,ibates@example.org,2024-04-20,REGULAR
CUST00416,Samuel Howe,vhaynes@example.com,2025-09-26,REGULAR
CUST00417,Dillon Jones,derekcarrillo@example.org,2025-09-16,REGULAR
CUST00418,Christopher Owens,wmartinez@example.org,2025-10-12,PREMIUM
CUST00419,John Phelps,mooregina@example.net,2024-11-05,REGULAR
CUST00420,Amanda Huff,eddie35@example.com,2024-05-23,PREMIUM
CUST00421,Megan Green,anthonysullivan@example.com,2024-11-07,REGULAR
CUST00422,Krista Davis,laradonald@example.org,2024-08-28,REGULAR
CUST00423,Richard Walker,madisonwatson@example.net,2025-04-09,REGULAR
CUST00424,Angela Willis,johnsoncaleb@example.net,2026-01-30,REGULAR
CUST00425,Carl Stein,david70@example.org,2026-01-30,PREMIUM
CUST00426,Jessica Ramsey,rjohnson@example.com,2025-11-01,PREMIUM
CUST00427,Daniel Lopez,sean20@example.net,2025-09-22,PREMIUM
CUST00428,Danielle Phillips,eandrade@example.org,2024-10-13,REGULAR
CUST00429,James Barnes,customer.email.com,2024-08-10,REGULAR
CUST00430,Rachael Howard DDS,kcooper@example.net,2024-08-29,REGULAR
CUST00431,Devin Johnson,anthonycochran@example.com,2025-12-03,REGULAR
CUST00432,William Moreno,terrigarcia@example.net,2025-10-22,REGULAR
CUST00433,Joseph Moody,gallagherstacie@example.net,2024-10-09,VIP
CUST00434,Rebecca Kelly,gregorywatkins@example.net,2026-05-18,REGULAR
CUST00435,Suzanne Johnson,stacey92@example.net,2024-08-05,REGULAR
CUST00436,Sara Cochran,lweaver@example.com,2024-01-22,PREMIUM
CUST00437,Anthony Guzman,foxaaron@example.net,2024-09-06,PREMIUM
CUST00438,Carlos Love,brian29@example.net,2024-07-29,PREMIUM
CUST00439,Patricia Mathis,susan56@example.net,2025-07-21,REGULAR
CUST00440,Eric Taylor,jessicakim@example.net,2026-04-12,REGULAR
CUST00441,Marie Thompson,jeffrey92@example.com,2024-05-31,REGULAR
CUST00442,Michael Anderson,rushstacy@example.com,2026-05-29,VIP
CUST00443,Patricia Bradley,carriemccall@example.net,2025-07-07,PREMIUM
CUST00444,Keith Zuniga,markmiller@example.com,2024-04-22,REGULAR
CUST00445,Mrs. Stacey Davis,sean43@example.org,2025-01-01,REGULAR
CUST00446,Hayley Buchanan,williamssamuel@example.com,2024-01-17,REGULAR
CUST00447,Stacey Snyder,ybell@example.org,2024-05-09,REGULAR
CUST00448,Rachel Lane,franciscojones@example.org,2026-02-02,REGULAR
CUST00449,Fernando Lynn,petersonpamela@example.org,2026-03-07,REGULAR
CUST00450,Kimberly Villanueva,morgantricia@example.com,2024-04-21,REGULAR
CUST00451,Jessica Valdez,gmoore@example.com,2025-09-21,PREMIUM
CUST00452,Colton Terry,donna43@example.org,2026-07-19,REGULAR
CUST00453,Kenneth Larsen,briansmith@example.org,2025-04-14,VIP
CUST00454,Matthew Greene,collinclark@example.net,2024-03-03,PREMIUM
CUST00455,Bradley Anthony,kristen77@example.net,2025-03-12,REGULAR
CUST00456,Martin Hughes,nicole52@example.com,2026-07-20,REGULAR
CUST00457,Jeremiah Baker,anne21@example.org,2024-03-23,REGULAR
CUST00458,Rhonda Gutierrez,angelarandall@example.net,2024-03-08,REGULAR
CUST00459,Joseph Camacho,parmstrong@example.com,2025-10-10,REGULAR
CUST00460,James Nash,shawrachel@example.net,2024-11-28,VIP
CUST00461,Lisa Martinez,kthompson@example.org,2025-06-27,REGULAR
CUST00462,Beth Henderson,oharris@example.org,2025-09-11,REGULAR
CUST00463,Deanna Bartlett,millerangela@example.net,2025-12-19,PREMIUM
CUST00464,Donald Ellis,buchanancindy@example.net,2025-10-28,PREMIUM
CUST00465,Ashley Hernandez,buckleyanna@example.org,2024-08-08,REGULAR
CUST00466,Sharon Beard,pbaker@example.com,2024-08-21,REGULAR
CUST00467,Kara Jackson,mthomas@example.net,2025-04-09,REGULAR
CUST00468,Amanda Preston,hannah07@example.com,2024-04-07,REGULAR
CUST00469,Alicia Roth,larry71@example.org,2025-11-12,REGULAR
CUST00470,William Ramos,joseph69@example.net,2024-06-05,REGULAR
CUST00471,Jeremy Mcintyre,wfigueroa@example.net,2026-05-01,REGULAR
CUST00472,Samantha Robertson,cameronmckinney@example.com,2024-04-08,PREMIUM
CUST00473,Samuel Suarez,thompsonnancy@example.org,2025-07-23,REGULAR
CUST00474,Danielle Bryant,janet45@example.com,2025-07-29,REGULAR
CUST00475,Madison Martinez,allentracy@example.com,2024-05-05,REGULAR
CUST00476,Seth Matthews,max41@example.com,2025-11-12,PREMIUM
CUST00477,Anthony Nash,mercedesholland@example.net,2026-01-08,VIP
CUST00478,Matthew Palmer,wellsdavid@example.org,2025-09-06,REGULAR
CUST00479,Alejandra King,jennifer46@example.com,2025-08-14,REGULAR
CUST00480,Judy Robinson,erica96@example.net,2025-11-03,REGULAR
CUST00481,Jorge Bates,anna99@example.com,2024-04-20,PREMIUM
CUST00482,Brian Brown,danielle44@example.net,2025-01-11,PREMIUM
CUST00483,Stephanie Evans,zacharyallen@example.org,2025-08-10,PREMIUM
CUST00484,Rebekah Greene,erin07@example.com,2026-05-15,VIP
CUST00485,Jason Price,aguilarwanda@example.org,2026-04-18,REGULAR
CUST00486,Micheal Parks,qknox@example.com,2025-10-20,REGULAR
CUST00487,Sarah Pittman,kellyruiz@example.net,2025-11-04,REGULAR
CUST00488,Robert Hines,staceylam@example.net,2024-10-06,PREMIUM
CUST00489,Henry Garner,robert55@example.com,2024-12-25,REGULAR
CUST00490,Julie Wilson,delacruzbrandy@example.net,2024-05-26,REGULAR
CUST00491,Steve Mason,amoreno@example.org,2024-03-12,PREMIUM
CUST00492,Brittany Gay,robert97@example.org,2024-02-01,PREMIUM
CUST00493,Mike Maxwell,lcook@example.com,2024-08-08,REGULAR
CUST00494,Abigail Hill,barbaramoore@example.org,2024-12-15,REGULAR
CUST00495,Jeffrey Jordan,ysanford@example.org,2026-01-08,PREMIUM
CUST00496,Curtis Watson,mcclainkatherine@example.net,2025-08-04,REGULAR
CUST00497,Michael Sims,jeremywiley@example.com,2024-02-23,REGULAR
CUST00498,James Chapman,cameronwilliams@example.com,2025-09-24,REGULAR
CUST00499,Joseph Warren,ibarron@example.com,2024-10-05,REGULAR
CUST00500,Katherine Christensen MD,osmith@example.net,2025-05-12,REGULAR
CUST00501,Mrs. Alison Wagner,richardsondebra@example.org,2024-10-06,PREMIUM
CUST00502,Martin Wise,wheelerbrandon@example.org,2024-04-26,REGULAR
CUST00503,Alicia Norris,hwallace@example.net,2024-10-17,REGULAR
CUST00504,Michael Harris,turnerdorothy@example.net,2025-11-14,REGULAR
CUST00505,Lisa Haynes,grivas@example.net,2025-02-08,REGULAR
CUST00506,Autumn Wilson,jimenezchelsea@example.com,2024-07-28,PREMIUM
CUST00507,Valerie Howard,cphillips@example.net,2026-02-24,PREMIUM
CUST00508,Daniel Fitzpatrick MD,smithchristopher@example.org,2024-10-23,REGULAR
CUST00509,Maureen Hernandez,chancharles@example.net,2025-05-24,REGULAR
CUST00510,David Hall,joseph01@example.org,2025-01-24,PREMIUM
CUST00511,Sarah Ward,ronald11@example.org,2025-05-27,PREMIUM
CUST00512,Charles Holland,michael79@example.com,2026-04-05,REGULAR
CUST00513,Anna Briggs,danielross@example.com,2026-06-01,REGULAR
CUST00514,James Jefferson,zbanks@example.org,2025-04-15,PREMIUM
CUST00515,Michael Brown,dalepruitt@example.com,2025-08-12,REGULAR
CUST00516,Meghan White,nmaxwell@example.org,2025-12-27,REGULAR
CUST00517,Sheryl Acosta,timothyfreeman@example.com,2024-04-27,REGULAR
CUST00518,Arthur Pena,busherica@example.net,2024-11-28,PREMIUM
CUST00519,Krystal Levine,april91@example.com,2025-09-24,PREMIUM
CUST00520,Danielle Reed,jhernandez@example.net,2026-07-30,REGULAR
CUST00521,Mason Moore,kchristian@example.org,2026-05-14,REGULAR
CUST00522,Erica Rivera,brent38@example.net,2025-08-26,REGULAR
CUST00523,Robert Miller,csolis@example.org,2025-02-09,PREMIUM
CUST00524,Jillian Wilson,bmcgee@example.org,2024-08-14,PREMIUM
CUST00525,Andrew Dunn,connersylvia@example.net,2024-03-19,REGULAR
CUST00526,Jordan Clark,xclements@example.org,2025-06-27,REGULAR
CUST00527,Sarah Rivera,xmoran@example.net,2026-03-05,REGULAR
CUST00528,Brent Hopkins,petersonmaria@example.com,2026-04-18,PREMIUM
CUST00529,Jacqueline Rodriguez,travisunderwood@example.net,2024-08-29,REGULAR
CUST00530,Ashley Carr,davidphelps@example.org,2024-07-21,REGULAR
CUST00531,Richard Love,shermanbrandon@example.net,2026-02-17,REGULAR
CUST00532,Leah Barton,lellis@example.net,2026-03-02,REGULAR
CUST00533,Jonathan Moreno,tranryan@example.net,2026-02-11,PREMIUM
CUST00534,Mr. Thomas Thompson,jessicaanderson@example.com,2025-04-04,REGULAR
CUST00535,Lisa Morris,mbarnes@example.net,2025-10-01,PREMIUM
CUST00536,Denise Stuart,shawn22@example.com,2025-10-04,REGULAR
CUST00537,Stacey Hunt,jennifer83@example.org,2024-03-10,REGULAR
CUST00538,Miguel Parks,tinasantos@example.org,2024-11-06,REGULAR
CUST00539,Melissa Morris,hodgesanna@example.net,2024-12-26,REGULAR
CUST00540,Mary Butler,natalie60@example.net,2025-04-17,REGULAR
CUST00541,James Brown,gonzalezkaren@example.org,2025-01-12,REGULAR
CUST00542,Miss Brianna Brown,james80@example.com,2026-06-03,REGULAR
CUST00543,Ashley Parrish,juliahoffman@example.org,2025-06-03,REGULAR
CUST00544,Rebecca Horton,housepaul@example.net,2025-07-21,REGULAR
CUST00545,Juan Smith,james73@example.net,2026-04-09,REGULAR
CUST00546,Maria Fischer,kimberlybrandt@example.com,2024-11-25,REGULAR
CUST00547,William Jones,jillwilson@example.org,2024-06-03,REGULAR
CUST00548,Justin Anderson,adam72@example.org,2026-04-10,VIP
CUST00549,Frank Williams,tracy98@example.com,2024-03-27,REGULAR
CUST00550,Michael Fox,missingdomain@,2024-02-10,PREMIUM
CUST00551,Joshua Davis,nicolealvarado@example.com,2025-03-25,REGULAR
CUST00552,Daniel Goodwin,wbarajas@example.net,2024-06-11,REGULAR
CUST00553,Michael Griffin,susanfleming@example.com,2024-10-16,REGULAR
CUST00554,Robert Wilson,amber40@example.net,2024-12-12,REGULAR
CUST00555,Jaime Lang,stucker@example.net,2025-10-08,REGULAR
CUST00556,Jose Vaughan,teresaayala@example.net,2024-12-03,REGULAR
CUST00557,Austin Santiago,invalidemail.com,2025-01-30,REGULAR
CUST00558,Ronald Johns,elucas@example.net,2026-05-22,VIP
CUST00559,Allison Love,millerbrian@example.com,2025-09-09,REGULAR
CUST00560,Laura Perez,rickey76@example.com,2025-08-19,PREMIUM
CUST00561,James Wilson,maychristine@example.net,2024-11-13,REGULAR
CUST00562,Mercedes Jones,robertsgina@example.net,2025-02-05,REGULAR
CUST00563,Preston Kim,bshort@example.com,2024-03-27,REGULAR
CUST00564,Daniel Francis,susan24@example.net,2025-10-20,PREMIUM
CUST00565,Traci Camacho,susan08@example.net,2025-11-17,REGULAR
CUST00566,Andrew Armstrong,fmedina@example.com,2025-11-17,REGULAR
CUST00567,Patrick Swanson,robertbrewer@example.net,2024-01-19,REGULAR
CUST00568,Clinton Jensen,james29@example.org,2024-08-07,PREMIUM
CUST00569,Tara Gamble,enewman@example.com,2025-05-12,REGULAR
CUST00570,Danielle Gonzalez,wlynn@example.org,2024-05-20,REGULAR
CUST00571,Cynthia Mitchell,mcculloughlouis@example.com,2026-05-14,REGULAR
CUST00572,Matthew Steele,arianadiaz@example.com,2025-07-06,REGULAR
CUST00573,Caroline Edwards,jenniferdavidson@example.com,2024-12-10,REGULAR
CUST00574,Brandy Quinn,wford@example.com,2025-01-20,REGULAR
CUST00575,Mr. Matthew Miller,michele28@example.org,2026-05-01,PREMIUM
CUST00576,Stephen Jones,mcclainmelissa@example.net,2024-06-18,REGULAR
CUST00577,Kevin Sullivan,rebeccaarnold@example.net,2025-01-08,VIP
CUST00578,Kimberly Valdez,michaelwalker@example.net,2025-09-17,PREMIUM
CUST00579,Donna Marshall,sanderswayne@example.net,2026-03-13,REGULAR
CUST00580,Victor Holden,katherinetaylor@example.org,2024-09-01,VIP
CUST00581,Travis Hopkins,jillwebb@example.com,2026-03-14,PREMIUM
CUST00582,Philip Hall,mike03@example.net,2024-07-17,REGULAR
CUST00583,Heather Harrison,ckeith@example.net,2025-08-07,REGULAR
CUST00584,Michael Boyd,mary49@example.net,2024-10-15,REGULAR
CUST00585,Jamie Gray,blacknicholas@example.org,2025-03-04,PREMIUM
CUST00586,Heather Parrish,msparks@example.org,2026-03-31,REGULAR
CUST00587,Brenda Martin,robertsonjuan@example.org,2024-09-13,REGULAR
CUST00588,Jack Love,guerrerorobert@example.com,2026-06-14,REGULAR
CUST00589,Karen Mendoza,brittanyholland@example.com,2024-04-15,PREMIUM
CUST00590,Andrew Berry,dennishunt@example.net,2024-10-18,PREMIUM
CUST00591,Christopher Nielsen,kgreene@example.net,2024-10-06,PREMIUM
CUST00592,Nathan Stanley,stacey37@example.net,2024-05-30,REGULAR
CUST00593,Sharon Jackson DVM,laurahoover@example.org,2026-07-21,PREMIUM
CUST00594,Kayla Jackson,sandra99@example.org,2026-06-24,PREMIUM
CUST00595,James Rodriguez,alexandrablankenship@example.net,2025-02-28,REGULAR
CUST00596,Chase Davis,mvalenzuela@example.org,2025-01-17,REGULAR
CUST00597,Kim Goodwin,olsondavid@example.net,2024-03-24,REGULAR
CUST00598,April Pace,xboyd@example.org,2024-11-22,PREMIUM
CUST00599,Jessica Mays,yclarke@example.com,2025-10-27,PREMIUM
CUST00600,Natalie Juarez,colemanjonathan@example.org,2024-05-20,REGULAR
CUST00601,Angela George,ascott@example.net,2026-04-29,REGULAR
CUST00602,Adrienne Mills,brooksjamie@example.com,2024-05-22,REGULAR
CUST00603,Brian Simmons,jose86@example.net,2024-01-06,REGULAR
CUST00604,Donald Becker,robertbowers@example.com,2024-08-08,REGULAR
CUST00605,Justin Webb,becky62@example.net,2026-01-14,REGULAR
CUST00606,David Logan,craigromero@example.com,2024-04-23,REGULAR
CUST00607,Lisa Cohen,martintamara@example.org,2024-05-04,REGULAR
CUST00608,Samantha Ruiz,qdavis@example.org,2025-10-16,REGULAR
CUST00609,Lee Ramsey,user@,2024-04-23,REGULAR
CUST00610,Linda Bautista,daniellegonzales@example.org,2024-01-17,REGULAR
CUST00611,Tara Holmes,arthurgreene@example.net,2024-09-04,REGULAR
CUST00612,Lisa Craig,john02@example.org,2024-01-02,REGULAR
CUST00613,Penny Gomez MD,aprilmclaughlin@example.org,2025-08-07,REGULAR
CUST00614,Krista Barber,michael43@example.net,2025-11-15,REGULAR
CUST00615,Jordan Powell,greenrichard@example.org,2025-01-04,VIP
CUST00616,Kathy Morgan,prattsue@example.net,2025-07-11,PREMIUM
CUST00617,Laura Benson,xhart@example.org,2025-06-03,REGULAR
CUST00618,Tonya Ellis,bmosley@example.com,2026-06-13,REGULAR
CUST00619,Austin Schultz,ericahall@example.com,2025-01-31,REGULAR
CUST00620,Harry Nichols,john16@example.net,2024-01-17,PREMIUM
CUST00621,Gloria Spencer,thomasgomez@example.net,2024-12-19,PREMIUM
CUST00622,Travis Vega,victorgonzalez@example.net,2025-10-05,PREMIUM
CUST00623,Derek Perez,marykelly@example.org,2026-01-22,REGULAR
CUST00624,Blake Sosa,waustin@example.net,2024-12-26,REGULAR
CUST00625,Sarah Watson,travis94@example.com,2025-10-20,PREMIUM
CUST00626,Phillip Dixon,kwalker@example.org,2025-12-02,VIP
CUST00627,Robert Mendoza,shawphillip@example.net,2025-05-05,REGULAR
CUST00628,Joyce Martinez,astewart@example.org,2024-05-18,PREMIUM
CUST00629,Jamie Garcia,chloe42@example.net,2025-04-13,REGULAR
CUST00630,Derrick Mullen,michael76@example.org,2024-02-14,PREMIUM
CUST00631,Paul Diaz,lramirez@example.net,2024-11-19,REGULAR
CUST00632,Kenneth Perez,lelinda@example.net,2026-04-14,REGULAR
CUST00633,James Thomas,thomassmith@example.com,2024-02-07,REGULAR
CUST00634,Dr. Samuel Holmes DDS,jevans@example.net,2024-12-31,PREMIUM
CUST00635,Brett Martin,lisawoods@example.net,2024-12-05,REGULAR
CUST00636,Patrick Green,ann45@example.org,2025-01-11,PREMIUM
CUST00637,Gregory Frazier,barbarasantos@example.net,2026-01-31,PREMIUM
CUST00638,Richard Kelly,champton@example.org,2025-01-30,VIP
CUST00639,Dustin Welch,mirandadavidson@example.com,2025-05-23,REGULAR
CUST00640,Logan Sullivan,millermatthew@example.com,2026-03-27,REGULAR
CUST00641,Eddie Adams,cnelson@example.com,2024-03-25,REGULAR
CUST00642,Kelly Cole,ivanjohnson@example.net,2025-09-08,REGULAR
CUST00643,David Manning,clarkrandy@example.org,2024-11-24,REGULAR
CUST00644,Shawn Kelley,wisealexandria@example.org,2025-11-07,REGULAR
CUST00645,Luke Miller,pparker@example.net,2025-09-09,REGULAR
CUST00646,Mark Anderson,anthonyalvarado@example.com,2025-03-30,REGULAR
CUST00647,Julie Pitts,amy28@example.org,2026-01-14,REGULAR
CUST00648,Joyce Curry,omills@example.net,2025-03-21,REGULAR
CUST00649,Gregory Fernandez,ramosmichael@example.com,2026-03-21,REGULAR
CUST00650,Adam Mills,mauriceharrison@example.org,2025-10-14,REGULAR
CUST00651,Katherine Campos,albert64@example.net,2026-03-31,VIP
CUST00652,Adam Brooks,bkhan@example.com,2024-05-26,REGULAR
CUST00653,Miguel Brewer,fwalker@example.com,2025-03-24,REGULAR
CUST00654,Kellie Marsh,customer.email.com,2024-08-29,REGULAR
CUST00655,Barry Taylor,walshchristine@example.com,2025-01-27,REGULAR
CUST00656,Katherine Flores,brandonnichols@example.org,2024-06-06,PREMIUM
CUST00657,Diane Martinez,oacosta@example.org,2025-01-15,PREMIUM
CUST00658,Johnny Peterson,kristi75@example.com,2025-08-10,REGULAR
CUST00659,Amanda Miller,brianrowe@example.org,2025-02-11,REGULAR
CUST00660,Catherine Huang,lisa01@example.net,2024-09-12,REGULAR
CUST00661,Ray Ramos,gonzalezjill@example.org,2024-07-09,REGULAR
CUST00662,Vickie Kennedy,sharon20@example.net,2026-07-24,REGULAR
CUST00663,Kelly King,james03@example.org,2026-03-04,PREMIUM
CUST00664,Jeffrey Smith,brenda63@example.org,2024-08-07,REGULAR
CUST00665,Lauren Vazquez,nathandavis@example.org,2026-07-27,REGULAR
CUST00666,Mr. George Booker DDS,browndeanna@example.net,2024-05-18,REGULAR
CUST00667,Ashley Freeman,tina57@example.net,2026-07-09,VIP
CUST00668,Michael Howard,johnwilliams@example.net,2026-04-09,REGULAR
CUST00669,Edward Terry,ashleystephens@example.com,2025-12-27,REGULAR
CUST00670,Denise Guerra,caseymoore@example.com,2024-10-24,PREMIUM
CUST00671,Kimberly Gibson,bgross@example.net,2025-12-29,REGULAR
CUST00672,Patty Allen,barrettamber@example.com,2025-01-05,REGULAR
CUST00673,Michael Cannon,chloemorris@example.net,2024-07-24,REGULAR
CUST00674,Brent Hopkins,not-an-email,2025-05-20,REGULAR
CUST00675,John Garcia,hbarrett@example.net,2025-08-09,REGULAR
CUST00676,Dawn Diaz,smithsamantha@example.net,2025-07-18,REGULAR
CUST00677,Steve Miller PhD,wardjulia@example.com,2024-03-29,REGULAR
CUST00678,Rebecca Brown,allison14@example.org,2026-01-04,REGULAR
CUST00679,Toni Davis,amandalopez@example.net,2026-02-26,PREMIUM
CUST00680,Laura Meza,xreese@example.net,2024-03-16,VIP
CUST00681,Megan Park,kandrade@example.org,2025-10-19,REGULAR
CUST00682,Kathy Sandoval,umahoney@example.net,2025-11-27,REGULAR
CUST00683,Erika Watson PhD,umckenzie@example.net,2026-06-18,REGULAR
CUST00684,Joshua Brooks,michael77@example.com,2024-07-05,REGULAR
CUST00685,Andrew Mitchell,holmesvictoria@example.com,2026-07-21,PREMIUM
CUST00686,William Lewis,andrew48@example.net,2025-06-14,REGULAR
CUST00687,Tammy Moore,stevenseric@example.com,2024-06-14,PREMIUM
CUST00688,Kevin Hall,christopher69@example.org,2024-08-18,PREMIUM
CUST00689,Misty Mcguire,tracynolan@example.net,2025-06-15,PREMIUM
CUST00690,Susan Larson,benjamin96@example.org,2024-09-13,REGULAR
CUST00691,Tammy Cook,hbutler@example.org,2025-07-18,REGULAR
CUST00692,Sarah Mcfarland,hbrown@example.org,2024-11-06,REGULAR
CUST00693,Karl Murphy,ericnunez@example.com,2025-05-29,REGULAR
CUST00694,Nicole Johnston,walkerkeith@example.com,2025-08-17,REGULAR
CUST00695,George Alvarez,kelleyjose@example.com,2025-10-01,REGULAR
CUST00696,Patricia Anderson,timothygonzalez@example.com,2025-07-31,PREMIUM
CUST00697,Christina Gilbert,johnadams@example.com,2024-01-30,REGULAR
CUST00698,Thomas Davis,whenderson@example.org,2025-10-18,REGULAR
CUST00699,Kirk Johnson,gary59@example.com,2024-08-03,REGULAR
CUST00700,Jessica Glass,jamesbrooks@example.net,2025-10-16,REGULAR
CUST00701,Ashley Brown,mistywilkins@example.org,2025-10-04,REGULAR
CUST00702,Robert Torres,njohnson@example.net,2024-11-05,REGULAR
CUST00703,Christina Mills,ana92@example.net,2026-04-06,REGULAR
CUST00704,Alicia Aguilar,scottbrian@example.org,2024-03-15,REGULAR
CUST00705,Lisa Brown,jonesdonna@example.net,2025-03-01,REGULAR
CUST00706,Mary Lin,carternicole@example.com,2024-12-14,REGULAR
CUST00707,James Bray,mckeetodd@example.net,2026-06-01,PREMIUM
CUST00708,Charlotte Mason,tcastro@example.org,2026-05-31,VIP
CUST00709,Thomas Torres,user@,2024-05-13,REGULAR
CUST00710,Harold Garrett,wendyirwin@example.com,2024-04-18,REGULAR
CUST00711,Lori Johns,raymondstacy@example.org,2024-05-05,REGULAR
CUST00712,Steven Sandoval,blairabigail@example.net,2024-05-24,REGULAR
CUST00713,Lori Perez,ashleysimmons@example.com,2025-01-28,REGULAR
CUST00714,Erin Daniels,denisecarpenter@example.net,2026-06-05,PREMIUM
CUST00715,Shari Parker,russellstout@example.org,2025-08-14,REGULAR
CUST00716,Krystal Moore,grantstacy@example.org,2024-06-12,VIP
CUST00717,Ryan Thomas,cannonnicole@example.com,2025-04-23,PREMIUM
CUST00718,Elizabeth Reese,edwin31@example.org,2025-05-24,REGULAR
CUST00719,Phillip Salazar,invalidemail.com,2025-02-06,REGULAR
CUST00720,Michael Howard,manderson@example.com,2024-09-03,REGULAR
CUST00721,Jacqueline Christian,kwells@example.org,2024-02-19,REGULAR
CUST00722,Jason Novak,stephanie33@example.org,2025-09-03,REGULAR
CUST00723,Timothy Duke,dwatts@example.org,2024-10-19,REGULAR
CUST00724,Ricardo Franklin,zcortez@example.net,2024-04-20,REGULAR
CUST00725,Laura Herrera,meyershannon@example.org,2024-09-27,PREMIUM
CUST00726,Danielle Medina,grantzachary@example.net,2025-01-09,REGULAR
CUST00727,Cheryl Gonzales,kim47@example.org,2025-08-06,REGULAR
CUST00728,Louis Brown,stevenlucas@example.org,2025-07-20,REGULAR
CUST00729,Ashley Osborne,phillipmorris@example.org,2025-05-31,PREMIUM
CUST00730,Kevin Marquez,nicoledavis@example.com,2024-10-13,REGULAR
CUST00731,Susan Hogan,davisjasmin@example.net,2024-05-01,VIP
CUST00732,Joseph Cruz,nicholasjames@example.org,2025-02-07,PREMIUM
CUST00733,Krystal Keller,fernandothomas@example.net,2024-12-13,PREMIUM
CUST00734,Eric Cross,lroberts@example.org,2026-02-12,REGULAR
CUST00735,Toni Smith,alexander77@example.net,2025-06-05,REGULAR
CUST00736,Lisa Snyder,briannaalvarez@example.com,2024-02-16,REGULAR
CUST00737,Kyle Smith,christine83@example.org,2024-12-07,REGULAR
CUST00738,Anthony Bailey,melissaestrada@example.net,2024-06-01,PREMIUM
CUST00739,Thomas Williams,kchaney@example.net,2024-05-23,PREMIUM
CUST00740,Matthew Graves,tammycurry@example.com,2024-11-22,REGULAR
CUST00741,Anna Evans,priscilla16@example.net,2025-09-23,REGULAR
CUST00742,John Martinez,mark68@example.org,2025-06-03,REGULAR
CUST00743,Lisa Rodriguez,webbhaley@example.net,2025-12-26,REGULAR
CUST00744,Lee Stewart,sara99@example.com,2026-04-15,REGULAR
CUST00745,Lynn Vasquez,nicolehall@example.com,2025-11-20,VIP
CUST00746,April Johnson,mclaughlinjared@example.net,2025-08-20,PREMIUM
CUST00747,Mrs. Felicia Castro DDS,davidsonhannah@example.com,2026-01-12,REGULAR
CUST00748,Elizabeth Hunter,katie15@example.com,2025-04-30,VIP
CUST00749,Keith Choi,jamesbass@example.net,2026-03-12,REGULAR
CUST00750,John Johnson,timothyburton@example.net,2026-01-08,REGULAR
CUST00751,Julia Olsen,conleykevin@example.net,2024-06-23,REGULAR
CUST00752,Kristen Smith,lauren51@example.org,2025-09-26,REGULAR
CUST00753,Andre Terrell,ashleyprice@example.net,2025-11-28,REGULAR
CUST00754,Richard Parker,jennifer46@example.org,2025-12-18,REGULAR
CUST00755,David Hayes DVM,aliciathompson@example.com,2025-03-27,REGULAR
CUST00756,Paula Gentry,zhunter@example.com,2025-02-26,REGULAR
CUST00757,Brittany Peterson,hoconnor@example.com,2026-03-04,PREMIUM
CUST00758,Briana Wiggins,jamiejohnson@example.com,2026-06-12,PREMIUM
CUST00759,Kelly Smith,mcdanielbrooke@example.org,2025-06-15,REGULAR
CUST00760,Stephen Garcia,andrew43@example.com,2025-11-09,REGULAR
CUST00761,Dustin Patel,rlambert@example.org,2024-11-17,REGULAR
CUST00762,Brian Mullen,clarkmichael@example.com,2025-06-29,REGULAR
CUST00763,Tony Brock,georgecollins@example.com,2025-11-23,PREMIUM
CUST00764,Amber Johnson,rodriguezbrian@example.com,2024-09-27,REGULAR
CUST00765,Michael Vance,tjensen@example.com,2024-09-09,REGULAR
CUST00766,Michelle Lambert,beltrankatelyn@example.com,2024-08-18,PREMIUM
CUST00767,Anna Lang,tdavis@example.net,2025-12-22,REGULAR
CUST00768,Pamela Ruiz,douglashuang@example.com,2025-05-15,REGULAR
CUST00769,Jenna Lyons,kristina57@example.com,2025-07-27,REGULAR
CUST00770,John Bell,ssingleton@example.com,2025-08-10,REGULAR
CUST00771,Bethany Garcia,nguyendebra@example.com,2025-02-08,VIP
CUST00772,Jennifer Gutierrez,amydickson@example.com,2026-04-03,REGULAR
CUST00773,Daniel Benson,bmueller@example.net,2024-10-21,REGULAR
CUST00774,Kimberly Young,stevensonjennifer@example.com,2025-03-28,REGULAR
CUST00775,Kyle Nguyen,shortgregory@example.com,2025-05-05,REGULAR
CUST00776,Brian Cervantes,pmurphy@example.net,2025-07-05,PREMIUM
CUST00777,Daniel Taylor,shermandonna@example.com,2025-12-13,REGULAR
CUST00778,Jean Lane,jamierich@example.com,2025-09-22,REGULAR
CUST00779,Susan Torres,wrobbins@example.org,2024-02-21,REGULAR
CUST00780,Lisa Dixon,melissabrown@example.net,2024-08-26,REGULAR
CUST00781,April Castro,daniel40@example.org,2024-12-04,REGULAR
CUST00782,Kevin Garrett,bsullivan@example.net,2026-02-28,REGULAR
CUST00783,Christopher Taylor,xbridges@example.com,2025-07-17,REGULAR
CUST00784,Zachary Santiago,alexanderwong@example.org,2026-06-20,REGULAR
CUST00785,Katelyn Kim,christophermay@example.com,2024-07-23,REGULAR
CUST00786,Stephanie Dominguez,dhanson@example.net,2025-10-23,PREMIUM
CUST00787,Robert Cruz,jacobjacobs@example.net,2024-04-01,REGULAR
CUST00788,Dr. Michael Adams DVM,customer.email.com,2025-07-01,PREMIUM
CUST00789,Ashley Olson,thomasjessica@example.com,2024-06-28,PREMIUM
CUST00790,Blake Wu,sanchezcrystal@example.net,2024-06-29,VIP
CUST00791,Angela Schultz,chloe58@example.org,2025-02-10,REGULAR
CUST00792,Jose Harrison,robert44@example.org,2026-02-05,PREMIUM
CUST00793,Thomas Curry,bryan79@example.org,2024-01-10,REGULAR
CUST00794,Mary Carter,mitchellchristopher@example.net,2024-04-19,REGULAR
CUST00795,Richard King,joshua40@example.net,2025-10-18,REGULAR
CUST00796,Christopher Vargas,donnawood@example.org,2026-06-29,PREMIUM
CUST00797,Michael Washington,cooperchristopher@example.org,2025-04-24,REGULAR
CUST00798,Samantha Monroe,ptownsend@example.net,2024-04-25,REGULAR
CUST00799,Mark Clark,brian41@example.org,2025-04-14,REGULAR
CUST00800,James Turner,noahthornton@example.com,2024-07-09,PREMIUM
CUST00801,Joseph Graham,sara76@example.net,2026-03-20,REGULAR
CUST00802,Joseph Blanchard,hardindana@example.com,2026-02-14,REGULAR
CUST00803,Marissa Nelson,joseph14@example.net,2026-05-26,PREMIUM
CUST00804,Julia Leonard,jessicachapman@example.org,2026-04-26,REGULAR
CUST00805,Megan Kaiser,amy01@example.org,2024-03-29,REGULAR
CUST00806,Joseph Jennings,jeffrey44@example.org,2024-07-08,REGULAR
CUST00807,Manuel Brown,stephanielittle@example.net,2024-09-11,REGULAR
CUST00808,Angelica Jacobs,pdouglas@example.net,2024-08-29,PREMIUM
CUST00809,Cathy Rodriguez,jonowens@example.org,2024-12-03,REGULAR
CUST00810,Tammy Hill,not-an-email,2025-08-09,REGULAR
CUST00811,Richard Ramirez,reyesmarvin@example.org,2025-01-03,REGULAR
CUST00812,Robert Thompson,vasquezsarah@example.net,2024-05-01,REGULAR
CUST00813,Matthew Rodriguez,probinson@example.org,2025-02-19,PREMIUM
CUST00814,Michelle Garcia,jonesjessica@example.com,2026-06-28,REGULAR
CUST00815,Jonathan Delgado,fitzpatrickelizabeth@example.com,2025-10-16,REGULAR
CUST00816,Gary Myers,robertsonshelby@example.com,2024-08-14,VIP
CUST00817,Jared Luna,fernandezaaron@example.net,2025-05-04,REGULAR
CUST00818,Karen Bradley,mathew46@example.org,2025-09-12,REGULAR
CUST00819,Tina Davis,christopher74@example.net,2025-07-16,PREMIUM
CUST00820,Julian Ponce,kentprice@example.org,2026-04-01,PREMIUM
CUST00821,Heather Miller,imoss@example.org,2025-11-27,PREMIUM
CUST00822,Nathan Watkins,yprice@example.net,2024-03-24,REGULAR
CUST00823,Kathryn Hanna,blevy@example.org,2025-12-21,REGULAR
CUST00824,George Le,zwilson@example.net,2025-07-31,REGULAR
CUST00825,Judy Gregory,joycehall@example.org,2025-07-14,REGULAR
CUST00826,Charles Valdez,nmeadows@example.org,2025-07-03,REGULAR
CUST00827,Matthew Smith,conwaylori@example.org,2026-05-24,REGULAR
CUST00828,Christopher Garza,wilsonbrooke@example.net,2025-11-27,PREMIUM
CUST00829,Robert Simmons,rnguyen@example.net,2025-05-15,PREMIUM
CUST00830,Erica Oconnell,kathrynwatkins@example.com,2025-04-01,REGULAR
CUST00831,Donald Todd,heathertran@example.com,2025-06-09,REGULAR
CUST00832,Kevin Anderson,invalidemail.com,2024-02-29,REGULAR
CUST00833,Adam Howe,robert72@example.org,2026-04-06,PREMIUM
CUST00834,Devin Cole,sharonbishop@example.org,2025-02-09,PREMIUM
CUST00835,Michelle Salazar,burtonkimberly@example.com,2026-02-02,REGULAR
CUST00836,Justin Lee,montgomerymichelle@example.net,2024-02-16,REGULAR
CUST00837,Julie Sims,joshualee@example.org,2024-03-06,VIP
CUST00838,Tracy Wells,ernestlivingston@example.org,2026-07-04,VIP
CUST00839,Dominique Hamilton,christina70@example.org,2025-04-28,REGULAR
CUST00840,Tammy Thompson,washingtondarren@example.org,2024-07-03,PREMIUM
CUST00841,Leslie Nguyen,julievillanueva@example.org,2026-01-16,VIP
CUST00842,Erika Garcia,ykane@example.org,2025-01-18,REGULAR
CUST00843,Kevin Brown,nthomas@example.com,2026-07-28,REGULAR
CUST00844,James Ellis,crystalcantrell@example.org,2025-11-30,REGULAR
CUST00845,Andrew Carroll,derek77@example.com,2026-05-30,REGULAR
CUST00846,Greg Tanner,kristinelittle@example.net,2025-07-04,REGULAR
CUST00847,Laura Tran,christophervincent@example.com,2026-01-15,PREMIUM
CUST00848,Cindy Wells,uramirez@example.com,2026-02-13,VIP
CUST00849,Danielle Murphy,patriciavargas@example.org,2025-04-19,REGULAR
CUST00850,Stephanie Butler,williamsthomas@example.net,2025-01-23,REGULAR
CUST00851,Joseph Mendoza,chavezjohn@example.net,2024-12-20,REGULAR
CUST00852,Melissa Russell,davidphillips@example.net,2026-06-15,REGULAR
CUST00853,Mrs. Maureen Martin DDS,braysteven@example.org,2025-11-07,REGULAR
CUST00854,Jennifer Clarke,courtney01@example.com,2026-06-23,REGULAR
CUST00855,Faith Johnson,smullins@example.net,2024-03-09,REGULAR
CUST00856,Rebecca French,olivermatthew@example.org,2025-04-02,REGULAR
CUST00857,Susan Cox,rodriguezmichael@example.net,2026-06-12,REGULAR
CUST00858,Jacob Wong,castrokim@example.org,2024-02-15,REGULAR
CUST00859,Mrs. Ashley Mendoza,karenhodges@example.com,2025-07-06,PREMIUM
CUST00860,Derek Frazier,brian55@example.com,2026-03-05,REGULAR
CUST00861,Mr. Bryan Mckinney,shannon51@example.org,2024-10-23,PREMIUM
CUST00862,Judith Miller,keithfrye@example.org,2026-01-19,REGULAR
CUST00863,Brian Hernandez,nancymeyer@example.net,2025-09-04,REGULAR
CUST00864,Jason Fleming,thomasfisher@example.net,2026-06-16,VIP
CUST00865,Dorothy Brown,marystone@example.com,2025-06-17,REGULAR
CUST00866,Grant Lucas,todd88@example.com,2024-10-08,REGULAR
CUST00867,Keith Villanueva,george43@example.com,2025-08-28,REGULAR
CUST00868,Dwayne Bruce,michaelbryant@example.org,2025-03-13,REGULAR
CUST00869,Caitlyn Nichols,teresafranco@example.net,2024-12-18,REGULAR
CUST00870,Rebecca Martin,williamsleslie@example.org,2026-03-15,REGULAR
CUST00871,Jacob Harris,wadetiffany@example.org,2025-03-02,REGULAR
CUST00872,Joshua Martin,david06@example.com,2025-01-20,PREMIUM
CUST00873,Theresa Reilly,adamrodgers@example.net,2025-04-29,PREMIUM
CUST00874,Michael Wells,tara92@example.net,2024-11-03,PREMIUM
CUST00875,Tammy Morgan,dennisrachel@example.org,2026-07-25,REGULAR
CUST00876,Audrey Johnson,seandavis@example.org,2025-03-02,REGULAR
CUST00877,Christie Fox,james18@example.com,2025-02-01,REGULAR
CUST00878,Tina Daugherty,ulee@example.net,2024-12-04,REGULAR
CUST00879,Terri Kerr,raymond65@example.com,2025-04-05,REGULAR
CUST00880,Dustin Bell,fsawyer@example.org,2026-01-11,REGULAR
CUST00881,Jill Riddle,zroberts@example.net,2025-01-21,REGULAR
CUST00882,Jessica Mosley,maryharper@example.org,2026-06-13,REGULAR
CUST00883,John Dillon,carl96@example.org,2026-02-18,PREMIUM
CUST00884,Mark Nelson,angelapage@example.org,2025-07-26,REGULAR
CUST00885,Ronnie Roberts,twilliams@example.net,2026-06-09,REGULAR
CUST00886,Justin Ford,moodyeric@example.com,2026-07-19,REGULAR
CUST00887,Sandra Kennedy,robert73@example.org,2024-07-13,PREMIUM
CUST00888,Donald Gamble,georgemichael@example.com,2026-02-11,PREMIUM
CUST00889,Sheena Burton,hmccann@example.com,2025-12-13,PREMIUM
CUST00890,Laura Bruce,bonniethomas@example.com,2025-02-10,REGULAR
CUST00891,Brandy Martin,missingdomain@,2026-03-05,REGULAR
CUST00892,Mark Jones,katiewhite@example.org,2025-06-30,REGULAR
CUST00893,Carol Morris,margaret44@example.net,2024-09-24,REGULAR
CUST00894,Heidi Ferguson,madeline02@example.net,2025-05-24,REGULAR
CUST00895,Richard Jenkins,curtismoore@example.org,2026-01-09,PREMIUM
CUST00896,Rebecca Hansen,butlersabrina@example.org,2024-11-23,REGULAR
CUST00897,Tammy Mendoza,hannah27@example.net,2025-02-27,REGULAR
CUST00898,Tracy Jackson,anthony13@example.org,2024-08-14,REGULAR
CUST00899,Brenda Perez,jasonzavala@example.com,2025-07-20,REGULAR
CUST00900,Rachel Jones,ctodd@example.org,2025-03-03,REGULAR
CUST00901,Ricky Palmer,harrisonrebekah@example.org,2024-12-03,REGULAR
CUST00902,Michael Webster,morajamie@example.org,2026-05-03,REGULAR
CUST00903,Gregory Davis,stacy55@example.org,2025-11-01,REGULAR
CUST00904,Phyllis Austin,garciabelinda@example.org,2026-04-21,VIP
CUST00905,Michelle Brandt,rachelmedina@example.net,2025-10-19,REGULAR
CUST00906,Daniel Gordon,lrichardson@example.org,2026-01-20,REGULAR
CUST00907,Tyler White,tina63@example.net,2026-01-07,REGULAR
CUST00908,Brian Rollins,owensapril@example.com,2026-07-27,VIP
CUST00909,Michele Hawkins,millertristan@example.com,2024-03-01,REGULAR
CUST00910,Kyle Collins,aperez@example.com,2026-05-17,PREMIUM
CUST00911,Mrs. Shannon Jacobson,xcrosby@example.org,2025-11-15,PREMIUM
CUST00912,Michael Powers,qkim@example.net,2025-02-26,PREMIUM
CUST00913,Charles Morales,figueroapatricia@example.org,2024-08-24,PREMIUM
CUST00914,William Morgan,bmartinez@example.net,2024-01-10,REGULAR
CUST00915,Dr. Ralph Wheeler DDS,qkelly@example.net,2025-01-17,REGULAR
CUST00916,Victoria Dixon,katrinarodriguez@example.com,2025-11-13,PREMIUM
CUST00917,David Dunlap Jr.,invalidemail.com,2025-11-06,REGULAR
CUST00918,Janet Shelton,kevinhanson@example.org,2025-06-28,REGULAR
CUST00919,Kelly Vasquez,qharris@example.com,2024-01-18,PREMIUM
CUST00920,Dennis Cooper PhD,cisnerosanthony@example.com,2025-07-02,REGULAR
CUST00921,Barbara Cole,cramos@example.org,2026-04-12,PREMIUM
CUST00922,Matthew Chan,travistaylor@example.net,2026-07-20,REGULAR
CUST00923,Phillip Carroll,rkeller@example.net,2024-04-08,REGULAR
CUST00924,Karen Dickerson,myerstroy@example.com,2024-07-15,REGULAR
CUST00925,Heather Levine,bryan90@example.org,2026-04-14,REGULAR
CUST00926,Hannah Harmon,hubbardcolleen@example.com,2025-02-10,REGULAR
CUST00927,Gregory Howard,brian33@example.org,2025-02-19,REGULAR
CUST00928,Leslie Lozano,meltondanny@example.org,2025-12-14,REGULAR
CUST00929,Gabriel Murray,abradley@example.com,2026-04-27,REGULAR
CUST00930,John Johnson,nicholas65@example.net,2026-05-28,PREMIUM
CUST00931,John Vazquez,matthewshaw@example.net,2024-04-05,REGULAR
CUST00932,Lucas Cox,oharris@example.org,2025-07-19,REGULAR
CUST00933,Kimberly Mitchell,evansashley@example.org,2024-01-10,REGULAR
CUST00934,Tina Robbins,vargasjoshua@example.net,2026-05-15,REGULAR
CUST00935,Karen Clark,pearsonkevin@example.com,2024-12-05,VIP
CUST00936,Joshua Gonzalez,gking@example.com,2024-04-07,PREMIUM
CUST00937,Kimberly Ibarra,customer.email.com,2024-08-23,PREMIUM
CUST00938,Debra Little,umichael@example.net,2025-12-09,REGULAR
CUST00939,Curtis Ford,edwardjennings@example.com,2024-02-17,REGULAR
CUST00940,Jennifer Dalton,waltersmeghan@example.com,2024-10-14,REGULAR
CUST00941,Maria Scott,richardwilson@example.org,2024-02-03,PREMIUM
CUST00942,Robert Collins,bcastro@example.com,2024-11-18,VIP
CUST00943,Amanda Moore,anthonyclarke@example.com,2025-08-24,PREMIUM
CUST00944,Casey Phelps,dcasey@example.org,2025-12-30,PREMIUM
CUST00945,Edward Brown,qmosley@example.net,2024-11-02,REGULAR
CUST00946,Jennifer Larsen,joelduncan@example.net,2025-08-03,REGULAR
CUST00947,Kelly Calderon,tyler13@example.net,2025-07-07,REGULAR
CUST00948,Robert Murphy,vshaffer@example.org,2026-01-27,PREMIUM
CUST00949,Claudia Rodriguez,taragonzales@example.com,2025-12-06,REGULAR
CUST00950,Amy Ferguson,stewartrodney@example.net,2024-12-20,REGULAR
CUST00951,Donald Mueller,michaelbaldwin@example.com,2024-08-25,REGULAR
CUST00952,Walter Obrien,vazquezkristina@example.org,2026-02-26,VIP
CUST00953,James Fowler,rebecca18@example.org,2025-02-10,REGULAR
CUST00954,Jasmine Browning,qpennington@example.com,2024-10-06,REGULAR
CUST00955,Rodney Young,michelemartin@example.com,2024-12-30,PREMIUM
CUST00956,Sherry Wang,rmccormick@example.org,2025-03-18,REGULAR
CUST00957,Teresa Ruiz,vhouse@example.net,2025-11-07,REGULAR
CUST00958,Thomas Garcia,hollyhunter@example.com,2025-09-25,PREMIUM
CUST00959,Nicholas Kelley,shawn00@example.net,2025-12-31,REGULAR
CUST00960,Lorraine Gibbs,aarongonzalez@example.com,2024-06-06,PREMIUM
CUST00961,Bradley Moore,melaniejennings@example.com,2025-10-11,PREMIUM
CUST00962,Shane Anderson,graceserrano@example.com,2024-11-20,REGULAR
CUST00963,Jason White,kduffy@example.org,2024-01-06,REGULAR
CUST00964,Alexander Hansen,rebeccamccann@example.org,2026-02-18,REGULAR
CUST00965,Samuel Williams,jburke@example.org,2024-03-30,REGULAR
CUST00966,Carolyn Bradley,higginsryan@example.com,2025-07-24,REGULAR
CUST00967,Kathleen Walker,jamesatkins@example.com,2024-04-15,REGULAR
CUST00968,Johnny Anderson,carolcarney@example.com,2025-07-21,REGULAR
CUST00969,Chelsey White,anthonycherry@example.org,2026-03-14,PREMIUM
CUST00970,Susan Wood,emiller@example.org,2024-01-13,REGULAR
CUST00971,Valerie Sanders,jennifererickson@example.net,2026-03-08,PREMIUM
CUST00972,Angel Hawkins,cookjimmy@example.com,2025-07-26,REGULAR
CUST00973,Teresa Coffey DDS,smithwilliam@example.com,2024-06-22,REGULAR
CUST00974,James Wood,carpenterjorge@example.net,2024-10-02,REGULAR
CUST00975,Gerald Mcdonald Jr.,hthomas@example.com,2024-05-29,REGULAR
CUST00976,Carl Savage,julie64@example.com,2024-10-09,REGULAR
CUST00977,Pam Baker,ryan25@example.net,2026-03-12,REGULAR
CUST00978,Pamela Hernandez DVM,jbrown@example.org,2024-09-09,REGULAR
CUST00979,Andrew Green,fgraham@example.org,2025-09-23,REGULAR
CUST00980,William Hoffman,uvasquez@example.org,2024-05-18,REGULAR
CUST00981,Brandon Oneill,marybrady@example.com,2025-02-09,PREMIUM
CUST00982,Mary Lewis,foxashley@example.com,2025-01-24,REGULAR
CUST00983,Danielle Jimenez,clayanthony@example.net,2025-03-16,VIP
CUST00984,Mrs. Jacqueline Hickman,hooderic@example.org,2024-05-19,REGULAR
CUST00985,Michael Castillo,brooke05@example.org,2025-12-12,REGULAR
CUST00986,Tiffany Nguyen,jasonwilliams@example.net,2024-06-30,VIP
CUST00987,Robert Manning,qdavis@example.org,2024-10-25,REGULAR
CUST00988,Randy Ross,phelpsfrank@example.com,2025-08-12,REGULAR
CUST00989,Paul Valdez,evanslaurie@example.net,2024-10-14,REGULAR
CUST00990,Emily Cohen,michaeldavis@example.com,2025-07-31,REGULAR
CUST00991,Katherine Mcclure,madams@example.com,2025-07-12,REGULAR
CUST00992,Jay Richardson,missingdomain@,2025-07-17,VIP
CUST00993,Valerie Rhodes,sarahrose@example.net,2025-04-17,REGULAR
CUST00994,Donna Kim,ievans@example.net,2024-10-25,PREMIUM
CUST00995,Sarah Mills,ashley81@example.org,2026-03-25,REGULAR
CUST00996,Kayla Gutierrez,kguerrero@example.com,2024-05-22,REGULAR
CUST00997,Kevin Mack,wilsondorothy@example.org,2024-09-15,REGULAR
CUST00998,Sarah Williams,tmcdowell@example.com,2025-03-09,REGULAR
CUST00999,Jordan Santiago,matthew23@example.org,2025-09-04,REGULAR
CUST01000,William Green,hamiltonandrew@example.com,2025-07-01,PREMIUM
