product_id,product_name,category,subcategory,cost_price
P00001,Customizable 24/7 concept,Electronics,Mobile,18768.57
P00002,  STREAMLINED MISSION-CRITICAL KNOWLEDGEBASE  ,Electronics,Mobile,23206.85
P00003,Team-oriented impactful protocol,Electronics,Mobile,34009.82
P00004,User-friendly real-time success,Electronics,Mobile,34552.82
P00005,Pre-emptive exuding process improvement,Electronics,Mobile,7622.17
P00006,Seamless high-level solution,Electronics,Mobile,49885.37
P00007,Synergistic system-worthy service-desk,Electronics,Mobile,24190.28
P00008,Object-based exuding array,Electronics,Mobile,14842.07
P00009,De-engineered client-driven access,Electronics,Mobile,46035.32
P00010,Ergonomic bifurcated adapter,Electronics,Mobile,4384.15
P00011,Total content-based algorithm,Electronics,Mobile,41582.76
P00012,EXPANDED MISSION-CRITICAL PROJECTION,Electronics,Mobile,36534.52
P00013,Digitized solution-oriented encoding,Electronics,Mobile,17481.6
P00014,Optional responsive utilization,Electronics,Mobile,17219.03
P00015,Public-key content-based array,Electronics,Mobile,39235.07
P00016,Innovative zero administration Local Area Network,Electronics,Mobile,26103.63
P00017,Digitized methodical interface,Electronics,Mobile,17480.18
P00018,Ameliorated bifurcated concept,Electronics,Mobile,4971.39
P00019,Distributed user-facing standardization,Electronics,Mobile,36127.5
P00020,Organic mobile leverage,Electronics,Mobile,22677.11
P00021, ameliorated local paradigm ,Electronics,Mobile,3452.0
P00022,Fully-configurable dedicated frame,Electronics,Mobile,2329.68
P00023,Re-contextualized hybrid application,Electronics,Mobile,35567.87
P00024,Managed 24/7 benchmark,Electronics,Mobile,1227.0
P00025,Self-enabling transitional Internet solution,Electronics,Mobile,17219.59
P00026,Operative modular support,Electronics,Mobile,5557.2
P00027,Reduced radical superstructure,Electronics,Mobile,40022.5
P00028,Reactive explicit alliance,Electronics,Mobile,46503.13
P00029,Pre-emptive impactful matrix,Electronics,Mobile,37050.43
P00030,Profound optimizing success,Electronics,Mobile,25848.1
P00031,Seamless systematic matrix,Electronics,Mobile,27640.32
P00032,Focused transitional approach,Electronics,Mobile,16616.38
P00033,Progressive 3rdgeneration interface,Electronics,Mobile,21375.83
P00034,re-engineered foreground neural-net,Electronics,Mobile,23156.5
P00035,Cloned encompassing project  ,Electronics,Mobile,39908.01
P00036,Operative methodical budgetary management,Electronics,Mobile,31525.04
P00037,Proactive regional project,Electronics,Mobile,9400.71
P00038,Monitored local standardization,Electronics,Laptop,32899.66
P00039,Optional 3rdgeneration complexity,Electronics,Laptop,19839.56
P00040,Horizontal uniform core,Electronics,Laptop,36895.68
P00041,Phased grid-enabled intranet,Electronics,Laptop,44166.56
P00042,Focused motivating definition,Electronics,Laptop,22533.79
P00043,Reverse-engineered systemic Graphical User Interface,Electronics,Laptop,21534.69
P00044,Robust transitional protocol,Electronics,Laptop,322.06
P00045,Persistent clear-thinking frame,Electronics,Laptop,10818.33
P00046,Up-sized transitional info-mediaries,Electronics,Laptop,13989.41
P00047,Operative systematic projection,Electronics,Laptop,35217.61
P00048,User-centric high-level utilization,Electronics,Laptop,39820.8
P00049,Phased cohesive process improvement,Electronics,Laptop,28909.66
P00050,  EXPANDED EXECUTIVE SOLUTION  ,Electronics,Laptop,39995.17
P00051,User-friendly background secured line,Electronics,Laptop,26890.76
P00052,Polarized clear-thinking conglomeration,Electronics,Laptop,18353.07
P00053,Exclusive cohesive portal,Electronics,Laptop,9934.01
P00054,Pre-emptive bandwidth-monitored utilization,Electronics,Laptop,5786.35
P00055,Operative modular framework,Electronics,Laptop,33568.0
P00056,Front-line demand-driven open architecture,Electronics,Laptop,24525.25
P00057,Business-focused 3rdgeneration help-desk,Electronics,Laptop,48299.23
P00058,Fundamental heuristic service-desk,Electronics,Laptop,15738.87
P00059,Diverse context-sensitive middleware,Electronics,Laptop,19493.1
P00060,Automated asymmetric Graphical User Interface,Electronics,Laptop,19687.95
P00061,Optional bifurcated process improvement,Electronics,Laptop,5800.18
P00062,Focused bottom-line open architecture,Electronics,Laptop,17664.05
P00063,Face-to-face mobile firmware,Electronics,Laptop,22947.24
P00064,Mandatory zero tolerance help-desk,Electronics,Laptop,8709.12
P00065,Visionary 6thgeneration throughput,Electronics,Laptop,33712.08
P00066,Realigned encompassing collaboration,Electronics,Laptop,40050.61
P00067,Team-oriented multimedia portal,Electronics,Laptop,45942.26
P00068,Synchronized bi-directional strategy,Electronics,Laptop,29549.4
P00069,Business-focused leadingedge website,Electronics,Laptop,33638.29
P00070,Persevering web-enabled budgetary management  ,Electronics,Laptop,15727.97
P00071,Customer-focused zero tolerance pricing structure,Electronics,Laptop,12004.78
P00072,Seamless zero tolerance benchmark,Electronics,Laptop,5935.75
P00073,Realigned 6thgeneration middleware,Electronics,Laptop,18727.97
P00074,Customer-focused composite product,Electronics,Laptop,7153.79
P00075,Decentralized demand-driven hierarchy,Electronics,Audio,19484.32
P00076,Diverse upward-trending frame  ,Electronics,Audio,29861.65
P00077,triple-buffered leadingedge task-force,Electronics,Audio,28782.82
P00078,Profit-focused modular superstructure,Electronics,Audio,21209.64
P00079,Cross-platform coherent project,Electronics,Audio,24384.84
P00080,Multi-lateral full-range challenge  ,Electronics,Audio,26915.23
P00081,Decentralized dedicated intranet,Electronics,Audio,45966.13
P00082,Operative zero administration throughput,Electronics,Audio,46541.68
P00083,Adaptive dynamic workforce,Electronics,Audio,8744.42
P00084,Phased global forecast,Electronics,Audio,8426.59
P00085,Profit-focused composite artificial intelligence,Electronics,Audio,14512.86
P00086,Future-proofed holistic structure,Electronics,Audio,9436.22
P00087,Versatile intangible hierarchy,Electronics,Audio,42115.06
P00088,Self-enabling static encryption,Electronics,Audio,31008.56
P00089,Distributed web-enabled system engine,Electronics,Audio,43289.56
P00090,Progressive intangible toolset,Electronics,Audio,47596.91
P00091, focused client-driven website ,Electronics,Audio,24281.99
P00092,Optimized incremental installation,Electronics,Audio,9836.91
P00093,Persevering multi-state utilization,Electronics,Audio,19258.81
P00094,Synergized high-level algorithm,Electronics,Audio,28122.95
P00095,Organic client-server throughput,Electronics,Audio,32688.18
P00096,Advanced transitional workforce,Electronics,Audio,20515.8
P00097,Programmable asymmetric artificial intelligence,Electronics,Audio,24637.12
P00098,Mandatory foreground initiative,Electronics,Audio,35536.1
P00099,Visionary composite Internet solution,Electronics,Audio,22248.2
P00100,Centralized hybrid task-force,Electronics,Audio,8445.95
P00101,Automated stable project,Electronics,Audio,28313.35
P00102,Distributed object-oriented approach,Electronics,Audio,39814.46
P00103,Self-enabling transitional website,Electronics,Audio,11104.42
P00104, switchable multi-state frame ,Electronics,Audio,1731.48
P00105,Operative impactful software,Electronics,Audio,11319.69
P00106,Total neutral framework,Electronics,Audio,14504.65
P00107,Up-sized value-added functionalities  ,Electronics,Audio,39058.94
P00108,monitored 24/7 focus group,Electronics,Audio,28325.96
P00109,Progressive reciprocal circuit,Electronics,Audio,38650.13
P00110,Total impactful knowledge user,Electronics,Audio,24816.14
P00111,stand-alone demand-driven moratorium,Electronics,Audio,25589.22
P00112,Secured zero tolerance process improvement,Electronics,Accessories,28678.43
P00113,Streamlined leadingedge standardization,Electronics,Accessories,13467.66
P00114,Monitored zero tolerance projection,Electronics,Accessories,27201.0
P00115,Open-architected zero-defect customer loyalty,Electronics,Accessories,49545.59
P00116,Innovative attitude-oriented alliance,Electronics,Accessories,27147.96
P00117,Public-key full-range info-mediaries,Electronics,Accessories,37863.63
P00118,Up-sized uniform support,Electronics,Accessories,38024.21
P00119,De-engineered multi-state moratorium,Electronics,Accessories,22124.19
P00120,Horizontal didactic array,Electronics,Accessories,11005.24
P00121,Profound neutral function,Electronics,Accessories,21315.22
P00122,Programmable global system engine,Electronics,Accessories,36825.84
P00123,Sharable cohesive adapter,Electronics,Accessories,32718.22
P00124,Assimilated needs-based parallelism,Electronics,Accessories,12451.83
P00125,Fundamental disintermediate time-frame,Electronics,Accessories,43753.01
P00126,Innovative uniform interface,Electronics,Accessories,1708.3
P00127,Profit-focused bifurcated superstructure,Electronics,Accessories,13214.48
P00128,Centralized holistic firmware,Electronics,Accessories,43123.76
P00129,Self-enabling motivating help-desk,Electronics,Accessories,4440.45
P00130,Decentralized actuating system engine,Electronics,Accessories,43277.99
P00131,STREAMLINED BOTTOM-LINE KNOWLEDGE USER,Electronics,Accessories,5957.56
P00132,Innovative object-oriented support,Electronics,Accessories,40613.26
P00133,Adaptive logistical Graphical User Interface,Electronics,Accessories,10572.92
P00134,Front-line value-added paradigm,Electronics,Accessories,36906.89
P00135,Re-contextualized transitional product,Electronics,Accessories,34487.77
P00136,Synchronized national policy,Electronics,Accessories,43066.33
P00137,Focused grid-enabled framework,Electronics,Accessories,30552.06
P00138,Horizontal static toolset,Electronics,Accessories,21465.54
P00139,Universal object-oriented service-desk,Electronics,Accessories,30845.94
P00140,Devolved transitional implementation,Electronics,Accessories,39263.98
P00141,Programmable user-facing encryption,Electronics,Accessories,40695.14
P00142,Customer-focused fresh-thinking model,Electronics,Accessories,40291.48
P00143,Reduced content-based time-frame,Electronics,Accessories,28546.71
P00144,Multi-lateral logistical attitude,Electronics,Accessories,26660.81
P00145,  Digitized transitional interface,Electronics,Accessories,29883.2
P00146,Open-source attitude-oriented array,Electronics,Accessories,8502.03
P00147,Centralized interactive capacity,Electronics,Accessories,48952.11
P00148,Phased didactic knowledge user,Electronics,Accessories,14702.47
P00149,Compatible holistic service-desk,Clothing,Men,28679.51
P00150,Progressive impactful parallelism,Clothing,Men,47624.63
P00151,Realigned multi-state time-frame,Clothing,Men,25769.31
P00152,Object-based empowering paradigm,Clothing,Men,45017.75
P00153,Proactive scalable interface,Clothing,Men,40777.53
P00154,Organic system-worthy matrix,Clothing,Men,6865.89
P00155,Upgradable intangible complexity,Clothing,Men,37529.7
P00156,Digitized motivating capacity,Clothing,Men,20638.65
P00157,Pre-emptive transitional knowledgebase,Clothing,Men,3058.37
P00158,De-engineered tertiary migration,Clothing,Men,13938.44
P00159,Progressive bottom-line solution,Clothing,Men,32829.22
P00160,Extended logistical leverage,Clothing,Men,35101.18
P00161,Automated value-added complexity,Clothing,Men,6721.27
P00162,Realigned holistic capability,Clothing,Men,7397.55
P00163,Robust incremental budgetary management,Clothing,Men,16172.63
P00164,Decentralized holistic orchestration,Clothing,Men,12452.98
P00165,implemented 6thgeneration model,Clothing,Men,42193.43
P00166,Distributed bottom-line hub,Clothing,Men,19695.77
P00167,  Integrated holistic framework,Clothing,Men,7194.36
P00168,Implemented mobile algorithm,Clothing,Men,31656.86
P00169,Digitized client-server toolset,Clothing,Men,31427.86
P00170,Reverse-engineered intangible application,Clothing,Men,18821.1
P00171,  Integrated executive data-warehouse,Clothing,Men,3868.26
P00172,  ENTERPRISE-WIDE USER-FACING MATRIX  ,Clothing,Men,39750.47
P00173,Adaptive bottom-line neural-net,Clothing,Men,38467.32
P00174,Monitored asymmetric analyzer,Clothing,Men,20202.25
P00175,OPERATIVE MISSION-CRITICAL ORCHESTRATION,Clothing,Men,37515.14
P00176,Integrated non-volatile knowledge user,Clothing,Men,34765.71
P00177,Mandatory zero tolerance implementation,Clothing,Men,43878.14
P00178,Phased uniform portal,Clothing,Men,22789.31
P00179,De-engineered well-modulated challenge,Clothing,Men,24453.42
P00180,Profit-focused scalable knowledgebase,Clothing,Men,29139.58
P00181,Virtual local secured line,Clothing,Men,43458.5
P00182,  ORGANIZED COHERENT SUPERSTRUCTURE  ,Clothing,Men,42373.65
P00183,Inverse background website,Clothing,Men,4747.77
P00184,Secured static process improvement,Clothing,Men,48610.3
P00185,Open-source human-resource emulation,Clothing,Men,31778.54
P00186,Object-based global moratorium,Clothing,Women,34894.72
P00187, balanced static intranet ,Clothing,Women,42520.3
P00188,User-centric even-keeled project,Clothing,Women,39804.33
P00189,Cross-group composite strategy,Clothing,Women,19946.02
P00190,Assimilated object-oriented product,Clothing,Women,48409.62
P00191,Visionary tertiary function,Clothing,Women,41259.9
P00192,Realigned secondary capability,Clothing,Women,24786.28
P00193,Stand-alone next generation artificial intelligence,Clothing,Women,16210.97
P00194,Ergonomic regional moratorium,Clothing,Women,14251.29
P00195,Re-engineered web-enabled application,Clothing,Women,27410.8
P00196,Re-contextualized multi-state core,Clothing,Women,6616.65
P00197,Versatile methodical middleware,Clothing,Women,42635.89
P00198,Ameliorated bottom-line protocol,Clothing,Women,39436.35
P00199,Public-key contextually-based adapter,Clothing,Women,44718.32
P00200,Grass-roots zero tolerance database,Clothing,Women,38136.48
P00201,Fully-configurable tertiary paradigm,Clothing,Women,2392.55
P00202,Organic attitude-oriented workforce,Clothing,Women,31346.36
P00203,Public-key real-time Graphic Interface,Clothing,Women,41851.44
P00204,Open-architected optimizing analyzer,Clothing,Women,912.44
P00205,Pre-emptive 3rdgeneration Graphical User Interface,Clothing,Women,46478.7
P00206,Optional contextually-based instruction set,Clothing,Women,7983.38
P00207,Assimilated multi-tasking functionalities,Clothing,Women,22880.25
P00208,Multi-tiered eco-centric array,Clothing,Women,49592.73
P00209,Customizable bandwidth-monitored moratorium,Clothing,Women,21447.19
P00210,Down-sized executive circuit,Clothing,Women,49785.13
P00211,Enterprise-wide eco-centric throughput,Clothing,Women,45479.42
P00212,Cross-group coherent function,Clothing,Women,44119.17
P00213,Open-source systematic concept,Clothing,Women,15163.09
P00214,Centralized reciprocal Graphic Interface,Clothing,Women,43733.73
P00215,ENTERPRISE-WIDE 4THGENERATION STRUCTURE,Clothing,Women,43842.09
P00216,Centralized exuding info-mediaries,Clothing,Women,4757.67
P00217,Cross-platform foreground circuit,Clothing,Women,18085.73
P00218,Open-source fresh-thinking firmware,Clothing,Women,4212.78
P00219,Multi-tiered bottom-line application,Clothing,Women,33258.99
P00220,Exclusive disintermediate system engine,Clothing,Women,32480.67
P00221,Right-sized optimizing encoding,Clothing,Women,2684.19
P00222,Proactive multimedia system engine,Clothing,Women,31317.65
P00223,Profit-focused human-resource budgetary management,Clothing,Kids,36326.82
P00224,Future-proofed analyzing functionalities,Clothing,Kids,37786.08
P00225,Persistent neutral installation,Clothing,Kids,21518.62
P00226,Cloned mission-critical algorithm,Clothing,Kids,4650.84
P00227,  OPEN-SOURCE SCALABLE EMULATION  ,Clothing,Kids,4849.67
P00228,Ameliorated encompassing neural-net,Clothing,Kids,10749.72
P00229,Reverse-engineered systematic attitude,Clothing,Kids,3989.14
P00230,Fully-configurable well-modulated open architecture,Clothing,Kids,29724.61
P00231,Streamlined zero tolerance capacity  ,Clothing,Kids,26020.27
P00232,Innovative non-volatile installation,Clothing,Kids,22308.84
P00233,Organized attitude-oriented productivity,Clothing,Kids,502.32
P00234,Profit-focused demand-driven toolset,Clothing,Kids,17244.35
P00235,Digitized holistic moratorium,Clothing,Kids,6117.63
P00236,Down-sized zero tolerance encryption,Clothing,Kids,43030.98
P00237,Public-key interactive open architecture,Clothing,Kids,34732.15
P00238,Organized 6thgeneration ability,Clothing,Kids,23937.24
P00239,Persistent regional frame,Clothing,Kids,11524.45
P00240,Streamlined composite ability,Clothing,Kids,4557.62
P00241,Centralized mission-critical flexibility,Clothing,Kids,40317.25
P00242,Right-sized eco-centric software,Clothing,Kids,5249.76
P00243,Multi-tiered grid-enabled product,Clothing,Kids,18441.33
P00244,Extended optimal migration  ,Clothing,Kids,15032.84
P00245,Horizontal 6thgeneration complexity,Clothing,Kids,19197.78
P00246,User-centric national open system,Clothing,Kids,40687.06
P00247,Cloned exuding array,Clothing,Kids,43737.42
P00248,Object-based tangible capability,Clothing,Kids,32114.65
P00249,Devolved uniform open architecture,Clothing,Kids,33889.14
P00250,Grass-roots intermediate database,Clothing,Kids,3513.74
P00251,Seamless motivating website,Clothing,Kids,28208.23
P00252,Intuitive systemic Graphical User Interface,Clothing,Kids,30554.93
P00253,Sharable empowering system engine,Clothing,Kids,8289.42
P00254,Triple-buffered local flexibility,Clothing,Kids,17624.27
P00255,Fully-configurable stable Graphic Interface,Clothing,Kids,10731.47
P00256,MANDATORY DEMAND-DRIVEN KNOWLEDGEBASE,Clothing,Kids,37438.61
P00257,Right-sized full-range adapter,Clothing,Kids,46002.72
P00258,Team-oriented client-driven project,Clothing,Kids,30842.19
P00259,Adaptive real-time leverage,Clothing,Kids,22174.96
P00260,Adaptive 24/7 service-desk,Clothing,Footwear,10940.51
P00261,Enhanced incremental open architecture,Clothing,Footwear,44839.99
P00262,Total tertiary matrix,Clothing,Footwear,7086.66
P00263,  Virtual hybrid monitoring,Clothing,Footwear,6245.55
P00264,Configurable zero tolerance projection,Clothing,Footwear,36527.46
P00265,Streamlined asynchronous monitoring,Clothing,Footwear,17641.63
P00266,Assimilated static intranet,Clothing,Footwear,21526.5
P00267,Synergistic bottom-line help-desk,Clothing,Footwear,39574.73
P00268,  Multi-tiered radical help-desk,Clothing,Footwear,12464.54
P00269,Networked context-sensitive throughput,Clothing,Footwear,32266.57
P00270,Total 24/7 capability,Clothing,Footwear,12483.53
P00271,Persistent holistic core,Clothing,Footwear,30089.85
P00272, organic 24/7 definition ,Clothing,Footwear,36086.86
P00273,User-friendly 3rdgeneration task-force,Clothing,Footwear,14317.55
P00274,Grass-roots systemic strategy,Clothing,Footwear,47069.83
P00275,Multi-channeled content-based array,Clothing,Footwear,1438.54
P00276,Seamless responsive framework,Clothing,Footwear,42368.79
P00277,Universal directional emulation,Clothing,Footwear,43803.78
P00278,Proactive high-level alliance,Clothing,Footwear,10351.74
P00279,Grass-roots modular strategy,Clothing,Footwear,30385.65
P00280,Triple-buffered real-time database,Clothing,Footwear,9513.46
P00281,Adaptive dedicated productivity,Clothing,Footwear,19648.38
P00282,Object-based bifurcated focus group,Clothing,Footwear,32343.87
P00283,Re-contextualized motivating methodology,Clothing,Footwear,39211.7
P00284,Down-sized neutral core,Clothing,Footwear,39709.52
P00285,Switchable user-facing open system,Clothing,Footwear,12043.12
P00286,Synergistic systemic portal,Clothing,Footwear,19355.69
P00287,Re-contextualized context-sensitive architecture,Clothing,Footwear,12129.98
P00288,Reverse-engineered clear-thinking synergy,Clothing,Footwear,31940.31
P00289,Cloned clear-thinking firmware,Clothing,Footwear,3643.5
P00290,Re-contextualized discrete model,Clothing,Footwear,44447.35
P00291,Upgradable zero tolerance focus group,Clothing,Footwear,702.14
P00292,Ergonomic systematic adapter,Clothing,Footwear,18118.8
P00293,Team-oriented systematic monitoring,Clothing,Footwear,15891.99
P00294,Seamless eco-centric software,Clothing,Footwear,19403.23
P00295,Realigned logistical ability,Clothing,Footwear,41964.77
P00296,Optimized secondary service-desk,Clothing,Footwear,21101.09
P00297,Streamlined actuating Graphic Interface,Home,Kitchen,27363.18
P00298,Optional incremental focus group,Home,Kitchen,8721.24
P00299,Decentralized systemic model,Home,Kitchen,23603.63
P00300,Persistent modular hierarchy,Home,Kitchen,49369.58
P00301,Programmable well-modulated analyzer,Home,Kitchen,3742.29
P00302,  Up-sized directional application,Home,Kitchen,29409.44
P00303,Grass-roots intangible monitoring,Home,Kitchen,788.29
P00304,Organized foreground ability,Home,Kitchen,10865.57
P00305,Object-based content-based groupware,Home,Kitchen,46136.71
P00306,Configurable object-oriented workforce,Home,Kitchen,47439.13
P00307,Assimilated user-facing definition,Home,Kitchen,19958.95
P00308,Team-oriented interactive archive,Home,Kitchen,14395.74
P00309,Fully-configurable dedicated concept,Home,Kitchen,35660.19
P00310,Managed fault-tolerant architecture,Home,Kitchen,38378.79
P00311,Self-enabling responsive attitude,Home,Kitchen,21236.4
P00312,Assimilated mission-critical Internet solution,Home,Kitchen,20173.64
P00313,Assimilated optimizing website,Home,Kitchen,32062.81
P00314,Self-enabling full-range extranet,Home,Kitchen,26929.0
P00315,Fully-configurable bi-directional leverage,Home,Kitchen,7718.75
P00316,Front-line global application,Home,Kitchen,4271.49
P00317,Managed multi-state utilization,Home,Kitchen,4043.18
P00318,Front-line asynchronous time-frame,Home,Kitchen,46054.15
P00319,Right-sized regional intranet,Home,Kitchen,48718.24
P00320,Virtual bandwidth-monitored product,Home,Kitchen,7853.32
P00321,Organized optimal capability,Home,Kitchen,16404.84
P00322,Configurable analyzing alliance,Home,Kitchen,29363.21
P00323,Multi-tiered foreground solution,Home,Kitchen,38184.88
P00324,Cloned zero tolerance capacity,Home,Kitchen,32526.99
P00325,Centralized leadingedge approach,Home,Kitchen,32193.41
P00326,Innovative reciprocal product  ,Home,Kitchen,15577.46
P00327,OPTIONAL ASYMMETRIC BENCHMARK,Home,Kitchen,21930.55
P00328, synergistic analyzing open architecture ,Home,Kitchen,47676.06
P00329,Business-focused explicit implementation,Home,Kitchen,12008.01
P00330,Open-architected bandwidth-monitored process improvement,Home,Kitchen,12299.54
P00331,Versatile incremental emulation,Home,Kitchen,46238.92
P00332,Right-sized zero tolerance protocol,Home,Kitchen,5887.73
P00333,Secured 24/7 knowledgebase,Home,Kitchen,30653.61
P00334,Networked maximized utilization,Home,Furniture,2845.93
P00335,Optimized regional process improvement,Home,Furniture,33337.37
P00336,Cross-platform global projection,Home,Furniture,32936.81
P00337,Synergistic zero tolerance algorithm,Home,Furniture,8864.73
P00338,Persevering multi-state groupware,Home,Furniture,731.98
P00339,Reverse-engineered content-based benchmark,Home,Furniture,6946.87
P00340,CUSTOMER-FOCUSED 24/7 POLICY,Home,Furniture,666.4
P00341,Universal asymmetric parallelism,Home,Furniture,24871.01
P00342,Ergonomic object-oriented capacity,Home,Furniture,17400.59
P00343,Sharable multimedia extranet,Home,Furniture,25909.42
P00344, multi-channeled intangible matrices ,Home,Furniture,41143.09
P00345,Up-sized regional intranet,Home,Furniture,13036.42
P00346,Enterprise-wide dynamic challenge,Home,Furniture,18656.28
P00347,Balanced analyzing capacity,Home,Furniture,37513.84
P00348,Integrated optimal Internet solution,Home,Furniture,43685.66
P00349,Profound solution-oriented system engine,Home,Furniture,36673.5
P00350,Multi-channeled fault-tolerant paradigm,Home,Furniture,5991.03
P00351,  Quality-focused zero-defect circuit,Home,Furniture,45004.88
P00352,Digitized methodical function,Home,Furniture,16817.05
P00353,Robust global frame,Home,Furniture,21523.3
P00354,Multi-layered 24/7 model,Home,Furniture,26240.33
P00355,Reverse-engineered stable service-desk,Home,Furniture,13221.19
P00356,digitized analyzing encoding,Home,Furniture,48755.02
P00357,Profit-focused next generation application,Home,Furniture,31413.89
P00358,Optimized grid-enabled customer loyalty,Home,Furniture,24857.76
P00359,  Exclusive scalable customer loyalty,Home,Furniture,25588.02
P00360,  Cloned global core,Home,Furniture,2866.41
P00361,Synchronized methodical solution,Home,Furniture,42982.05
P00362,Team-oriented maximized policy,Home,Furniture,8427.38
P00363,Team-oriented full-range paradigm,Home,Furniture,7949.77
P00364,Re-contextualized full-range pricing structure,Home,Furniture,38689.11
P00365,Innovative intangible groupware,Home,Furniture,44723.99
P00366,Diverse bi-directional knowledgebase,Home,Furniture,33738.61
P00367,Balanced modular definition,Home,Furniture,5855.15
P00368,Adaptive scalable definition,Home,Furniture,37064.92
P00369,Team-oriented discrete Local Area Network,Home,Furniture,228.17
P00370,Secured didactic encoding,Home,Furniture,42948.58
P00371,Polarized user-facing throughput,Home,Decor,713.17
P00372,Managed user-facing implementation,Home,Decor,2394.48
P00373,Expanded impactful contingency,Home,Decor,18262.43
P00374,Adaptive high-level access,Home,Decor,46019.3
P00375,Compatible heuristic algorithm,Home,Decor,9030.15
P00376,Realigned bifurcated circuit,Home,Decor,48021.07
P00377,Implemented leadingedge core,Home,Decor,1864.64
P00378,Self-enabling optimal task-force,Home,Decor,40175.46
P00379,Multi-lateral 6thgeneration algorithm,Home,Decor,35729.64
P00380,Exclusive dedicated forecast,Home,Decor,32819.59
P00381,Enhanced directional firmware,Home,Decor,11303.31
P00382,Up-sized context-sensitive Graphical User Interface,Home,Decor,12488.33
P00383,Reactive dynamic conglomeration,Home,Decor,45801.15
P00384,Exclusive 3rdgeneration conglomeration,Home,Decor,16064.76
P00385, fundamental bandwidth-monitored adapter ,Home,Decor,41317.25
P00386,Synergistic client-driven implementation,Home,Decor,28619.64
P00387,Streamlined zero tolerance budgetary management,Home,Decor,6058.11
P00388,mandatory demand-driven function,Home,Decor,33698.95
P00389,Persevering disintermediate hub,Home,Decor,2728.34
P00390,Multi-layered stable concept,Home,Decor,11236.93
P00391,Progressive regional Internet solution,Home,Decor,25837.13
P00392,Universal asymmetric capability,Home,Decor,2391.84
P00393,Digitized clear-thinking utilization,Home,Decor,20106.15
P00394,Ergonomic content-based monitoring,Home,Decor,43861.86
P00395,Multi-tiered system-worthy hub,Home,Decor,43315.01
P00396,  INTUITIVE RADICAL INTERFACE  ,Home,Decor,38699.02
P00397,Sharable dynamic analyzer,Home,Decor,15603.82
P00398,Virtual reciprocal parallelism,Home,Decor,4410.64
P00399,Ergonomic national frame,Home,Decor,22891.63
P00400,Distributed fresh-thinking encryption,Home,Decor,18509.08
P00401, business-focused responsive utilization ,Home,Decor,14650.6
P00402,Grass-roots clear-thinking migration,Home,Decor,39246.91
P00403,Reduced mobile database,Home,Decor,37004.84
P00404,Upgradable attitude-oriented toolset,Home,Decor,12204.94
P00405,Phased stable pricing structure,Home,Decor,18476.85
P00406,Cloned composite migration,Home,Decor,48595.7
P00407,Networked web-enabled project,Home,Decor,49889.58
P00408,Versatile multimedia hub,Home,Appliances,38816.71
P00409,Proactive multi-state Local Area Network,Home,Appliances,36649.92
P00410,Enhanced fresh-thinking structure,Home,Appliances,27373.31
P00411,Multi-layered multi-tasking solution,Home,Appliances,39819.08
P00412,Polarized transitional methodology,Home,Appliances,7613.26
P00413,Phased encompassing paradigm,Home,Appliances,46626.64
P00414,Open-architected scalable utilization,Home,Appliances,1293.12
P00415,Reduced solution-oriented alliance,Home,Appliances,27123.11
P00416,Expanded directional customer loyalty,Home,Appliances,31833.5
P00417,Organized disintermediate infrastructure,Home,Appliances,34703.69
P00418,Extended fault-tolerant interface,Home,Appliances,578.78
P00419,Multi-tiered object-oriented complexity,Home,Appliances,16817.37
P00420,Multi-layered eco-centric neural-net,Home,Appliances,37970.56
P00421,Configurable client-driven system engine,Home,Appliances,18876.11
P00422,Configurable explicit intranet,Home,Appliances,36930.32
P00423,Programmable heuristic emulation,Home,Appliances,15444.78
P00424,REDUCED 6THGENERATION LOCAL AREA NETWORK,Home,Appliances,10339.2
P00425,Profound regional Graphical User Interface,Home,Appliances,49157.48
P00426,Optimized local Local Area Network,Home,Appliances,21048.81
P00427,Optional incremental hub,Home,Appliances,48063.13
P00428,Proactive foreground flexibility,Home,Appliances,48630.71
P00429,Multi-tiered 4thgeneration conglomeration,Home,Appliances,7204.44
P00430,Organic discrete firmware  ,Home,Appliances,14063.28
P00431,Stand-alone asynchronous help-desk,Home,Appliances,2290.62
P00432,Configurable explicit middleware,Home,Appliances,11650.48
P00433,Profound needs-based project,Home,Appliances,42290.66
P00434,Configurable zero tolerance focus group,Home,Appliances,20711.53
P00435,Focused bandwidth-monitored capability,Home,Appliances,44789.34
P00436,Compatible high-level alliance,Home,Appliances,22977.06
P00437,Quality-focused dedicated groupware,Home,Appliances,37420.18
P00438,Exclusive systematic groupware,Home,Appliances,29080.45
P00439,Function-based exuding synergy,Home,Appliances,25320.85
P00440,Visionary systemic focus group,Home,Appliances,31897.06
P00441,Ergonomic tertiary portal,Home,Appliances,19778.13
P00442,Devolved web-enabled structure,Home,Appliances,29635.6
P00443,User-centric needs-based firmware,Home,Appliances,3207.91
P00444,Advanced zero administration framework,Home,Appliances,33155.95
P00445,Horizontal grid-enabled toolset,Books,Technology,6622.34
P00446,Open-architected impactful paradigm,Books,Technology,14654.63
P00447,Versatile solution-oriented access,Books,Technology,42560.59
P00448,Phased solution-oriented migration,Books,Technology,46309.49
P00449,virtual coherent infrastructure,Books,Technology,19708.34
P00450,Focused discrete success,Books,Technology,41611.8
P00451,User-friendly demand-driven leverage,Books,Technology,16379.95
P00452,Focused multi-state parallelism,Books,Technology,22692.62
P00453,Reactive web-enabled Local Area Network,Books,Technology,11757.2
P00454,Up-sized maximized Graphical User Interface,Books,Technology,47183.38
P00455,Configurable foreground core,Books,Technology,6891.98
P00456,Optimized zero administration standardization,Books,Technology,38530.32
P00457,Operative demand-driven intranet,Books,Technology,5537.74
P00458,  ORGANIZED NEXT GENERATION ALGORITHM  ,Books,Technology,5372.32
P00459,Multi-layered client-driven orchestration,Books,Technology,22533.38
P00460,De-engineered fault-tolerant support,Books,Technology,15770.26
P00461,Advanced modular workforce,Books,Technology,6124.76
P00462,Switchable heuristic Graphical User Interface,Books,Technology,17978.54
P00463,  Face-to-face intangible interface,Books,Technology,38539.8
P00464,Synergized web-enabled initiative,Books,Technology,22650.66
P00465,Virtual zero-defect solution,Books,Technology,23221.0
P00466,Public-key exuding Graphic Interface,Books,Technology,42638.86
P00467,Reverse-engineered 3rdgeneration open system,Books,Technology,4612.0
P00468,Automated client-driven collaboration,Books,Technology,40399.09
P00469,Managed non-volatile product,Books,Technology,15280.33
P00470,Robust real-time orchestration,Books,Technology,35264.77
P00471,Object-based homogeneous database,Books,Technology,30204.79
P00472,Object-based asymmetric monitoring,Books,Technology,10829.54
P00473,Networked content-based leverage,Books,Technology,42843.01
P00474,Customer-focused full-range open system,Books,Technology,7501.36
P00475,Organized scalable framework,Books,Technology,35586.75
P00476,Cross-group composite benchmark,Books,Technology,48423.16
P00477,Synergistic neutral conglomeration,Books,Technology,19872.6
P00478,Automated system-worthy portal,Books,Technology,2542.64
P00479,Pre-emptive 4thgeneration contingency,Books,Technology,15012.15
P00480,Exclusive asymmetric info-mediaries,Books,Technology,41022.47
P00481,Horizontal demand-driven emulation,Books,Technology,8776.0
P00482,Implemented stable moderator,Books,Fiction,47609.62
P00483,Cloned logistical approach,Books,Fiction,42744.61
P00484,Multi-layered multi-state access,Books,Fiction,27842.09
P00485,Down-sized fresh-thinking installation,Books,Fiction,27551.03
P00486,Object-based cohesive budgetary management,Books,Fiction,4826.79
P00487,De-engineered national instruction set,Books,Fiction,5185.18
P00488,Polarized value-added architecture,Books,Fiction,39711.11
P00489,Networked demand-driven capacity,Books,Fiction,6160.52
P00490,Expanded fault-tolerant Internet solution,Books,Fiction,3177.29
P00491,  TRIPLE-BUFFERED STATIC LEVERAGE  ,Books,Fiction,39069.9
P00492,Diverse real-time orchestration,Books,Fiction,11192.18
P00493,Integrated optimizing customer loyalty,Books,Fiction,9986.84
P00494,Profit-focused transitional software,Books,Fiction,20089.03
P00495,Persevering even-keeled customer loyalty,Books,Fiction,34345.63
P00496,Adaptive client-server knowledge user,Books,Fiction,46884.99
P00497,Cloned impactful portal,Books,Fiction,4293.57
P00498,Fully-configurable multi-tasking groupware,Books,Fiction,29347.33
P00499,Re-contextualized mobile knowledgebase,Books,Fiction,45879.69
P00500,Persistent object-oriented analyzer,Books,Fiction,3841.86
P00501,User-centric background forecast,Books,Fiction,49858.36
P00502,Stand-alone logistical hardware,Books,Fiction,9967.74
P00503,Total transitional utilization,Books,Fiction,32334.75
P00504,Innovative hybrid pricing structure,Books,Fiction,40484.0
P00505,  Enhanced intangible encryption,Books,Fiction,4689.73
P00506,Enhanced regional superstructure,Books,Fiction,42379.04
P00507,Optional logistical info-mediaries,Books,Fiction,40463.47
P00508,Switchable contextually-based standardization,Books,Fiction,6214.13
P00509,  Re-contextualized bandwidth-monitored infrastructure,Books,Fiction,47119.8
P00510,Total 6thgeneration encoding,Books,Fiction,2626.82
P00511,Diverse even-keeled product,Books,Fiction,46214.17
P00512,Public-key explicit secured line,Books,Fiction,21714.5
P00513,Cloned tangible success,Books,Fiction,36249.1
P00514,Up-sized didactic methodology,Books,Fiction,24856.71
P00515,Open-source well-modulated neural-net,Books,Fiction,19198.2
P00516,Decentralized holistic archive,Books,Fiction,21390.53
P00517,Versatile bi-directional middleware,Books,Fiction,17761.77
P00518,Visionary zero-defect Graphic Interface,Books,Fiction,45424.38
P00519,Open-source local concept,Books,Business,13821.59
P00520,Function-based demand-driven middleware,Books,Business,22355.97
P00521,Balanced maximized algorithm,Books,Business,7516.71
P00522,Compatible scalable solution,Books,Business,30743.92
P00523,Synergistic value-added Local Area Network,Books,Business,30887.16
P00524,Multi-tiered global synergy,Books,Business,32399.19
P00525,Open-architected content-based infrastructure,Books,Business,24994.69
P00526,Automated 24/7 extranet,Books,Business,44150.65
P00527,Customizable tertiary challenge,Books,Business,24003.64
P00528,Inverse static synergy,Books,Business,4477.31
P00529,Persistent mobile Local Area Network,Books,Business,19212.46
P00530,Cloned attitude-oriented neural-net,Books,Business,21019.82
P00531,Switchable dynamic structure,Books,Business,32168.36
P00532,Organic client-driven leverage,Books,Business,39880.18
P00533,Grass-roots cohesive concept,Books,Business,12532.47
P00534,Ameliorated real-time attitude,Books,Business,49704.96
P00535,Enhanced explicit capability,Books,Business,27228.47
P00536,Public-key user-facing infrastructure,Books,Business,1074.55
P00537,Down-sized asynchronous secured line,Books,Business,19186.65
P00538,Virtual 24/7 service-desk,Books,Business,35697.2
P00539,Future-proofed coherent intranet,Books,Business,24036.25
P00540,Multi-channeled context-sensitive data-warehouse,Books,Business,39093.61
P00541,Universal 5thgeneration service-desk,Books,Business,17267.3
P00542,Public-key didactic intranet,Books,Business,28325.99
P00543,Total actuating productivity,Books,Business,16148.06
P00544,Programmable secondary protocol,Books,Business,13594.74
P00545,Universal stable benchmark,Books,Business,1400.54
P00546,Networked system-worthy function,Books,Business,29896.11
P00547,Organic actuating policy,Books,Business,1562.24
P00548,Adaptive actuating throughput,Books,Business,40553.4
P00549,Multi-tiered zero administration customer loyalty,Books,Business,14118.54
P00550,Fully-configurable holistic encoding,Books,Business,40451.83
P00551,Exclusive background adapter,Books,Business,23637.05
P00552,Operative 4thgeneration access,Books,Business,17935.9
P00553,Mandatory content-based software,Books,Business,29241.05
P00554,Synchronized asymmetric definition,Books,Business,11714.83
P00555,Cross-platform static concept,Books,Business,8065.28
P00556,Up-sized composite analyzer,Books,Education,12468.07
P00557,Operative multimedia benchmark,Books,Education,12133.52
P00558,Inverse fresh-thinking open architecture,Books,Education,26731.11
P00559,Self-enabling content-based process improvement,Books,Education,39582.74
P00560,EXPANDED NEEDS-BASED INFRASTRUCTURE,Books,Education,36879.3
P00561,optimized bottom-line emulation,Books,Education,38226.08
P00562,Extended bi-directional help-desk,Books,Education,47395.34
P00563,Inverse context-sensitive access,Books,Education,28827.04
P00564,Open-architected solution-oriented functionalities,Books,Education,49134.97
P00565,Advanced human-resource data-warehouse,Books,Education,19482.28
P00566,Persevering directional architecture,Books,Education,46766.78
P00567,Switchable even-keeled projection,Books,Education,49577.94
P00568,Secured holistic analyzer,Books,Education,8768.23
P00569,Cloned didactic installation,Books,Education,11903.9
P00570,Innovative zero administration policy,Books,Education,15968.42
P00571,Proactive bi-directional structure,Books,Education,36931.44
P00572,Public-key non-volatile concept,Books,Education,18003.28
P00573,Function-based bandwidth-monitored policy,Books,Education,29618.97
P00574,Inverse responsive standardization,Books,Education,35202.3
P00575,Networked systematic throughput,Books,Education,17648.94
P00576,Team-oriented client-driven groupware,Books,Education,28425.8
P00577,Enhanced scalable task-force,Books,Education,7190.9
P00578,Team-oriented foreground secured line,Books,Education,47423.59
P00579,Polarized asymmetric groupware,Books,Education,41851.17
P00580,ameliorated real-time paradigm,Books,Education,40539.02
P00581,Organized homogeneous migration,Books,Education,48522.35
P00582,  Sharable user-facing emulation,Books,Education,27152.02
P00583,Profit-focused optimizing strategy,Books,Education,8860.28
P00584,Advanced discrete adapter,Books,Education,1994.39
P00585,Seamless well-modulated capability,Books,Education,2902.78
P00586,Integrated disintermediate support,Books,Education,30122.97
P00587,optimized web-enabled encryption,Books,Education,1094.41
P00588,Secured attitude-oriented approach,Books,Education,23951.65
P00589,Devolved holistic methodology,Books,Education,16653.53
P00590,Implemented dedicated collaboration,Books,Education,30745.32
P00591,Multi-tiered demand-driven project,Books,Education,40341.63
P00592,automated disintermediate success,Books,Education,17103.88
P00593,Right-sized leadingedge support,Clothing,Kids,3071.84
P00594,Managed client-driven focus group,Clothing,Women,38740.89
P00595,Intuitive secondary toolset,Home,Kitchen,18742.18
P00596,Virtual 6thgeneration model,Books,Technology,16894.4
P00597,Operative secondary forecast,Home,Furniture,48795.45
P00598,Versatile 4thgeneration emulation,Books,Education,32494.1
P00599,Upgradable full-range Graphical User Interface,Clothing,Kids,11239.54
P00600,Fully-configurable demand-driven moratorium,Clothing,Footwear,15410.48
